Commit,Parents
0d005c52ae369f9281d0c0e9d23fe50ee77b6e83,['f22e332ddd6e4391110aed4e5d2583600ea37b36']
1035138b4c03ed26ce5be9fc4dd6f6c1e0af909b,['666a8e160035d60b7fd3634e4d703d8e28a1af6c']
f7c0c44de21710ccd1661be28749ed625e419429,['b1f806ab2c3422ffc07e21d6521fce1d3ac253f3']
1bcfe45e47775b98cce5541f328c4fd46e5eb13d,['1834fb99f516b2f2cd5e0ab1f89d407f98a7237a']
d58e3efe9269efe00c309ed0e9726d2f94bcd03a,['1bcfe45e47775b98cce5541f328c4fd46e5eb13d']
c4f7d2f015475673f3a68fe53f333f7cd61757c2,['5dbd26f2c7ac7f08b20d41b0f89ab3500649783b']
28e6a4e44a3e920dcaf858f9a74a6358226b3a63,['c58366acd1d09bc657594382b640d008e9b21ba7']
4435aad09ddb1ec2a3a9d2d90e3c62253338fd1e,['8390152d08306caad31b78abbd509e5ea8580671']
218e96a4bfee7c0605c22ff69927550b78025fbe,"['4435aad09ddb1ec2a3a9d2d90e3c62253338fd1e', '703b5f412c884676335628cd5dd1149d2000606d']"
57213dbcb54ad8fee7f651c8efea00d9518cf13f,['218e96a4bfee7c0605c22ff69927550b78025fbe']
05c24937cfdfc19afbcf50face41447144796dfc,['57213dbcb54ad8fee7f651c8efea00d9518cf13f']
3f85da7aa9f649c874d71f4d742a1e412bb98855,['05c24937cfdfc19afbcf50face41447144796dfc']
bed349526350d20443cc505977cd8eebe7fe03da,['3f85da7aa9f649c874d71f4d742a1e412bb98855']
53190cfa1d43762e463bcb957929097742db08ba,['924ed1366436c0f981361fcdf744099f42da0021']
7fac946ac983e31613fd62836c8ac9c4a579210a,['23762da4fa17ce6ea7b70722147977123a28a7e6']
9145ab5887e7528c0428fabca4208a1786e408f4,['bed349526350d20443cc505977cd8eebe7fe03da']
f0ecbd0043dcc7a437a24f422d76f37a7f8c2622,['9145ab5887e7528c0428fabca4208a1786e408f4']
73f2092b7351b9cc13d0e12bc4ade6c470934ee8,['f0ecbd0043dcc7a437a24f422d76f37a7f8c2622']
95ecc91463a87587d83f5c3159a1ff6565dc73cb,['73f2092b7351b9cc13d0e12bc4ade6c470934ee8']
c65a01ea12e8b500bf9d06c1dd9cfcc03bd24c2a,"['95ecc91463a87587d83f5c3159a1ff6565dc73cb', 'e5508496dcf809370d4d8532ef2be7a4025bde21']"
d86f3183d93714ba078416af4f609d26376eadb0,['6ee5a73e0e91a2ef27753a32c576835e951d8119']
b0ea4b71c9c16281fd99a919dd8b1928eba5d08b,"['c65a01ea12e8b500bf9d06c1dd9cfcc03bd24c2a', 'f6d24536ba9e283a1a918531bfdc2786801fa1d3']"
522fe14a89a1d6f0d32963643529e7d6e26d5b9b,['e6339be188d3f5c94df3b092d92d201b728163f5']
73451ed2d9fb5eb228d80ad5f3be302a60496527,['e680023f8b158db25b45a050236163e9246103f3']
5116ea448720cc8b2b6a955db5cf1e6811494401,"['b0ea4b71c9c16281fd99a919dd8b1928eba5d08b', 'd8c3e63dced54e1453d46abe51eb2941768aa4f3']"
bdc3720d5b67a1c8fc2dfb29be16e4155c0e7f15,['e20f135174e6e2bf64e9cb5553425e1c0b830b58']
1d6793d0b7e26a792507a458cbe4b298ad84881e,['0ecba04727b5c31182d29511646c8d3e6441300f']
d10631f7287798141bd0978d40d8cbdfc6307742,"['5116ea448720cc8b2b6a955db5cf1e6811494401', '8b9a2c7487a1e22176cd2d5c581cc4747fe8593c']"
61d0b7530c8978c095ab6f62d9d38e168bd829c6,['a3df5d0b2667faa992918faf4451566f8c87516e']
f4b2b638075040c8363e613fe6a89712aebee429,"['d10631f7287798141bd0978d40d8cbdfc6307742', '4d90df82a9e4fcbcebd298665092f7016a2bbb98']"
6af0c27930a6109ed4c68e498a54dca0dc3d451b,"['f4b2b638075040c8363e613fe6a89712aebee429', 'd9ba4670ed0134816d5d063d48394e31b51c3b35']"
78e3821b819b441d1faf4bc66c659cdeddc6006c,['341a15a23d16f4ee6cbbd6fe7ad36d4c07b4e240']
ff4437289530bb32acbda52a85ba891f10e1b285,['78e3821b819b441d1faf4bc66c659cdeddc6006c']
70a180d0f513981e1c92767955d9903f0bcb3699,"['6af0c27930a6109ed4c68e498a54dca0dc3d451b', '0d994299826bb3bfd72415c29bc540cc03e42dd6']"
c382e386b513d19ab4bdbe171f0a94602ef06099,"['70a180d0f513981e1c92767955d9903f0bcb3699', 'f0fedda8eff23d012c385675c728705e2c479363']"
122113922fd398b1a76c1664b58a61661e936e30,"['c382e386b513d19ab4bdbe171f0a94602ef06099', 'e9dd78d9fede044101627786d991bec3265205a4']"
9992cae54120d2742922745c1f513c6bfbde67a9,['122113922fd398b1a76c1664b58a61661e936e30']
ab0402bc1def44e3d52eea517f4132c460bd5f87,['9992cae54120d2742922745c1f513c6bfbde67a9']
93e0265af0b8538215b7e0776873d5e7938ed30f,['43b59b894beb9097b90b3a966835337d7ecaa7b0']
60dcc5f237b7e95b3b219f10b0a88eec32881e16,"['ab0402bc1def44e3d52eea517f4132c460bd5f87', '14569ab482c2bb79cae31bf12a1e6c8d5f0d6064']"
90727b82e077e9ac80b77a37d3dc29d128da8c7b,['60dcc5f237b7e95b3b219f10b0a88eec32881e16']
e4db38bdbe25752ebf7040f4ac99c91dc08ea71f,['a90f8fb50fc0f24d2e9481651b7c14c90ad7e861']
8b4f497af85b49519da2e05e8269db6c4e9d621f,['90727b82e077e9ac80b77a37d3dc29d128da8c7b']
f00198b16c529bafeb8460427f12de69401941c3,['8b4f497af85b49519da2e05e8269db6c4e9d621f']
7ca7832158333e4ddcd6914596ff7d781c9283fe,['f00198b16c529bafeb8460427f12de69401941c3']
ab7e7dfd7e557ff17f177ae445c27133d81e8b1a,['7ca7832158333e4ddcd6914596ff7d781c9283fe']
ebb6cc60c421286d9121ad907e6d68fa4ee3cf93,['ab7e7dfd7e557ff17f177ae445c27133d81e8b1a']
180646dea33785f8b4cc71482d099595b8c7da9d,['ebb6cc60c421286d9121ad907e6d68fa4ee3cf93']
efb2d93f7739c98600378a9c13019fa9d0b0d6a7,['180646dea33785f8b4cc71482d099595b8c7da9d']
b4992f671d36e35fd874958ffbc9e66abc29a725,['efb2d93f7739c98600378a9c13019fa9d0b0d6a7']
3ab295994a4e7870a1f68d742d26c3ac44546fa5,['b4992f671d36e35fd874958ffbc9e66abc29a725']
571d7990f4f6a34324cb126987e6d5bcfa3b60fe,"['3ab295994a4e7870a1f68d742d26c3ac44546fa5', 'bd21ddcb78350b311f271e233038b8ca78a65242']"
0d171f6513b9c0a71d1e8859d192986cab956970,"['571d7990f4f6a34324cb126987e6d5bcfa3b60fe', '3491205b0a2d57d5eb2ab08f09fcb39145342af2']"
61f77396faf1d4d38bc4d1ac3b704290fa84a93a,"['0d171f6513b9c0a71d1e8859d192986cab956970', '9d7402e0af79bd31cf012f749e2df5e404fad7c8']"
6c710f5f80f3360bbae03aa3fb808b40fbdd97d9,['61f77396faf1d4d38bc4d1ac3b704290fa84a93a']
67c372991c8b8892bd36b6d1d58abf1d5da3598a,"['6c710f5f80f3360bbae03aa3fb808b40fbdd97d9', '905a127850d5e0cba85c2e075f989fa0f5cf129a']"
2ab10e29d9cca5018064be46a40e3c74423615a8,['a2e66776a98fc95dde63c353b24bbad875df733a']
6a0671977b0d51f143df6171f3621532c04eef04,"['67c372991c8b8892bd36b6d1d58abf1d5da3598a', '2ab10e29d9cca5018064be46a40e3c74423615a8']"
5f5b3bbdcd091fc6d14401eebc9c41204bad2325,['6a0671977b0d51f143df6171f3621532c04eef04']
e9c2307838a84ac80f5a55e0c6d705ecf3c7d4c0,['cc4a468113831e502b26c571d04e31b475bca5c1']
73b3de62043a13f45532623d42e07f52615d0806,"['5f5b3bbdcd091fc6d14401eebc9c41204bad2325', 'e9c2307838a84ac80f5a55e0c6d705ecf3c7d4c0']"
9146ad23f3f1af7c5547fba08e2a867cee49e015,['73b3de62043a13f45532623d42e07f52615d0806']
ee97365f58fd341bf656fea00e4fcf723b04c00f,"['9146ad23f3f1af7c5547fba08e2a867cee49e015', 'be9c46a4475f18ef33796ee63d73821c07c49fb5']"
bb91ebb53c1a41e47755b2008deee67c11b79d7e,['ee97365f58fd341bf656fea00e4fcf723b04c00f']
0eec2218a16be6092e2d7ea49a97e7807e408499,"['bb91ebb53c1a41e47755b2008deee67c11b79d7e', '94bf0dacbaa54ead5af98b6d62ae1713c579a16b']"
f87a4b40bc99e76602a75906df31747cfdbff78a,['0eec2218a16be6092e2d7ea49a97e7807e408499']
1e346aa829519f8a2aa830e76d9856f914861805,['f87a4b40bc99e76602a75906df31747cfdbff78a']
8dbb5237684bb9de78430b5cef27be40c78a8474,['1e346aa829519f8a2aa830e76d9856f914861805']
2033b526734f0f5b5dcccdbdd70a2921a112e14f,"['8dbb5237684bb9de78430b5cef27be40c78a8474', '6a9624dcec1c539ff169732c490485f7b8458abf']"
4cbead84846f4f65c843fd5101ecc0bd7595c9c5,['2033b526734f0f5b5dcccdbdd70a2921a112e14f']
f4fa76719e622a4ef883c51ec0abc6e6e6ddf09e,['4cbead84846f4f65c843fd5101ecc0bd7595c9c5']
28dbd56de0456c3504ce2d2227a22027c5d46d52,['f4fa76719e622a4ef883c51ec0abc6e6e6ddf09e']
74b1f069ccaf0cf0536d1e5e8389ba54c81515c4,['28dbd56de0456c3504ce2d2227a22027c5d46d52']
b3f28dbb3d1ab6b2f686efdd7bdb064426177f21,['74b1f069ccaf0cf0536d1e5e8389ba54c81515c4']
c7f5167845ce52b060d4f1037ed2ddee5cfa3e4e,['b3f28dbb3d1ab6b2f686efdd7bdb064426177f21']
ad7fe4e21eb778f5a9700212751b6a0180402346,['c7f5167845ce52b060d4f1037ed2ddee5cfa3e4e']
8a4db4d33165448b5af5f13bbe94eab8d6fe840f,"['ad7fe4e21eb778f5a9700212751b6a0180402346', '0acc00bbab3be92374ff4975b16de5a5b86f903d']"
d18e5b38447273b95d975c703df25fe5f679e006,['6a358ee14026a801b59ac567e2eb795baa074d33']
649144435718c7f446e9a056fc2988dc75fae14c,['8a4db4d33165448b5af5f13bbe94eab8d6fe840f']
f39aac60e0b0c2cd4c82607c02501dde43afe02c,['649144435718c7f446e9a056fc2988dc75fae14c']
b981daa07f351769b33340d0e583a9f848d7dd5c,['8c0f2a0d59f3b5f59ea62a6d2d23bf105e4d911b']
6016e95feec93f0e17a8a1370c0ede735ca13f55,['f39aac60e0b0c2cd4c82607c02501dde43afe02c']
d9ea5bb48940c6ee2b6688a527ad74bccce6ed18,"['6016e95feec93f0e17a8a1370c0ede735ca13f55', 'd9690b092294db5d6644af5f1a713788f792b55c']"
3334306512b5dc932814fded31a89ba1ee97cd9f,['8cd80b3cbc26633ce121b9dba6303633a91d48b5']
2481474bd9c50a23e4fd2eea67ac2dea11ca1f58,['d9ea5bb48940c6ee2b6688a527ad74bccce6ed18']
89379bc1a386517794fe497a62cc99a939215b52,"['2481474bd9c50a23e4fd2eea67ac2dea11ca1f58', '0f703982928eb10e000abd288e1839329ea3c275']"
7c2a8c7ff26ce7065b01a15d7ef9ea5ff441a5df,"['89379bc1a386517794fe497a62cc99a939215b52', '6571d39a74ec183046b8f8d6b3181dcd9b7f2e7f']"
a0fe4f476ae907c9c070af48a250739a4fb33362,"['7c2a8c7ff26ce7065b01a15d7ef9ea5ff441a5df', 'f2f4e9341387199e04679ebc8de5e05c0fdbd437']"
1f2f4e105b90e88a5c3cb101810293f4fe228362,['b5229fd19bfecc2e5249db652ad34ec08152334b']
9818091a66b9c8e337de9d4e18655cf4b157056b,['a0fe4f476ae907c9c070af48a250739a4fb33362']
9cf3e0805f5967d1ed792c32728ab826fb7c927b,['9818091a66b9c8e337de9d4e18655cf4b157056b']
d5a658e7a449ecdcdd13370859cc295eb987679f,['9cf3e0805f5967d1ed792c32728ab826fb7c927b']
60dd76c6abcba6db77ff439f57e07fda76867b64,['b9238e3badd0ae3dc7d76a552ffb1bca91b35542']
7e8accd68ebfe67455e1b8d223691a6c0242c18b,['d5a658e7a449ecdcdd13370859cc295eb987679f']
6c2da4bc0f8fc949fa2b9bebd4b4eeddfde544fc,['7e8accd68ebfe67455e1b8d223691a6c0242c18b']
8134b1c8702d7d6b3994c73b34afc7f8ee33ac6e,['6c2da4bc0f8fc949fa2b9bebd4b4eeddfde544fc']
ecdf9da770b2b0efc1ca5940366aaef6c58364ff,['8134b1c8702d7d6b3994c73b34afc7f8ee33ac6e']
b77c107ccb92060e6f14c13f2fdf1365f50cca75,"['ecdf9da770b2b0efc1ca5940366aaef6c58364ff', '3758710bffd41c20932be779d395a6cc1d1bb177']"
afd0333196ebd273b7eaeedfaec00ec68a358ea8,['b77c107ccb92060e6f14c13f2fdf1365f50cca75']
d937abd434b78fc78e3c404a5b37316514879474,"['afd0333196ebd273b7eaeedfaec00ec68a358ea8', '558185aecd12a8edaa2abd94e8d0a8b61b7e0fd7']"
353bc3799d11a7fcdfcee96016535ccd6063cbc0,['d937abd434b78fc78e3c404a5b37316514879474']
116bf57bd673b55f91d8dde7a83fc43e11522ebd,['353bc3799d11a7fcdfcee96016535ccd6063cbc0']
71071b904d0c9aec7b3713d41740f24182e81c36,['116bf57bd673b55f91d8dde7a83fc43e11522ebd']
cdb9f01ad4e6084ddf83e40eb3ec18a89fbbae42,['71071b904d0c9aec7b3713d41740f24182e81c36']
371f4228e86f5ebffb3d8647fb30b8bdc2b777c4,['cdb9f01ad4e6084ddf83e40eb3ec18a89fbbae42']
08c9dc37807d0bf34114207d33b5b174b9a2bf02,"['371f4228e86f5ebffb3d8647fb30b8bdc2b777c4', '52c149115512ff95cdf991a7308e18d5e127956b']"
45e81ae415141c306df9746353faec2f9f151ab1,['08c9dc37807d0bf34114207d33b5b174b9a2bf02']
329717264f8380a1f0fd2cdabd1bf0517ff1067b,['45e81ae415141c306df9746353faec2f9f151ab1']
625d1b380aa44a60882b3cd1a032bdf231c5bdb6,['329717264f8380a1f0fd2cdabd1bf0517ff1067b']
8ff28f4549338d925bceecd15b02c6a8467c251a,"['625d1b380aa44a60882b3cd1a032bdf231c5bdb6', '5e185702ea87541e54982c791e0ed782a7cf072a']"
35206c716e85547360063c6566697a529d9bd09d,['8ff28f4549338d925bceecd15b02c6a8467c251a']
dfba847eb65c14b4684f085f1b766b48604e4b66,['de928a4aa03d199b48a678d62cf241edff3d0a66']
08bde10e24f534c7661cd4151068c2a5d3cd8328,"['35206c716e85547360063c6566697a529d9bd09d', 'dfba847eb65c14b4684f085f1b766b48604e4b66']"
4bb0456c66ae3461ac368647c698c753534b0225,['08bde10e24f534c7661cd4151068c2a5d3cd8328']
009dfed8d7b3056cd8915f74d84dc06850cb8a05,['4bb0456c66ae3461ac368647c698c753534b0225']
57ef902bbc798eb25e86a7d41571b0be4f2270f0,['009dfed8d7b3056cd8915f74d84dc06850cb8a05']
36d1c49486587c2dbb193e8538b1d4510c462fa6,['57ef902bbc798eb25e86a7d41571b0be4f2270f0']
31c91706f7d17da006ef2d6c541f8dd092fae077,['36d1c49486587c2dbb193e8538b1d4510c462fa6']
a500ba50c248ec71bbb5301c6ca0fce0652af042,"['31c91706f7d17da006ef2d6c541f8dd092fae077', 'ae0d48854d5ee0d1281c630263762e1cdeb781ff']"
d619dee4ed6bda1358c39d135d061b295cbd85d2,"['a500ba50c248ec71bbb5301c6ca0fce0652af042', '1e0c51c66e107a79b43c16dc1808168636626a3b']"
f21630359858d6223366942a1c24449308be11ee,"['d619dee4ed6bda1358c39d135d061b295cbd85d2', '6c349f9420ff19daa00d1d7bee77942a41d9f358']"
15ebdd5664de4cc54676b728f933de0f6fc157be,['f21630359858d6223366942a1c24449308be11ee']
20a6560bdfd8c4e3b6c3ac9b0f0f62d32e3a2191,['15ebdd5664de4cc54676b728f933de0f6fc157be']
4d768140b36aa3ddb3e9f11fdd2ece492bf07f90,"['20a6560bdfd8c4e3b6c3ac9b0f0f62d32e3a2191', '4ab6ae543e5f95e21e60be5c971b177164509c24']"
737df8b67b972155b12ed615e23f3f1e8e4e9ca9,['4d768140b36aa3ddb3e9f11fdd2ece492bf07f90']
1423fff09622ec7e6f70219b14bf7402077f7804,"['737df8b67b972155b12ed615e23f3f1e8e4e9ca9', '05ed36cd527d89b9692c558316bdd9d8e59da65b']"
cd81cc6664d0f90d9ce4111e9541f63f7d11d839,"['1423fff09622ec7e6f70219b14bf7402077f7804', 'c27de4bd0b42262a9dbf56830be77fe382f82fd7']"
d004ddee76694ca701bc3296b71c2164b76fa042,['cd81cc6664d0f90d9ce4111e9541f63f7d11d839']
5b8dcb20a2fad2e7e9dee56c451f68f9d865b5ae,['d004ddee76694ca701bc3296b71c2164b76fa042']
3187a3ae05aff7ee38bd0c875db4fa8eb6c02f0a,"['5b8dcb20a2fad2e7e9dee56c451f68f9d865b5ae', '472e9718917164398baf8d26673233d73c45c8aa']"
fb9cdcfa60cb641faded2d3843c81e969ac33147,['3187a3ae05aff7ee38bd0c875db4fa8eb6c02f0a']
20af88280a83ac1c7df97f476849303d662efe48,['fb9cdcfa60cb641faded2d3843c81e969ac33147']
d680080da0386ec405b29ba7709efa2b51865789,"['20af88280a83ac1c7df97f476849303d662efe48', 'a878bea3fec728b559a6141b58dc8f5b3a3dcde2']"
9a07ba8945407cd8f63169faf9e0faa4311d38c7,['d680080da0386ec405b29ba7709efa2b51865789']
2d0b340c4739dff11d1c04982d4bd3a4dcd97ce9,['9a07ba8945407cd8f63169faf9e0faa4311d38c7']
fcf1039cdc8bb7253935ef7361a0dfc026155f8f,['2d0b340c4739dff11d1c04982d4bd3a4dcd97ce9']
89937fe7c72618446672f2e809510ebc2041fc93,['fcf1039cdc8bb7253935ef7361a0dfc026155f8f']
736b1860ab7f64de13419c6385534892b1542c1d,['89937fe7c72618446672f2e809510ebc2041fc93']
ade897636d4ab30dd018fc6f4c79a90c3bb73338,"['736b1860ab7f64de13419c6385534892b1542c1d', 'a7195bdd1459203e73c647165cbc2e6d63dde833']"
526efb48a6d3a44a753ee9fcb6333eba046193ca,['ade897636d4ab30dd018fc6f4c79a90c3bb73338']
44d070cd01d267aa853ba92fba01e0116f53270b,['526efb48a6d3a44a753ee9fcb6333eba046193ca']
190dc1c91b0ae0f3f128cc6603e354a3ec83288a,['44d070cd01d267aa853ba92fba01e0116f53270b']
298e867673b1bbf33dbde828896ea3a332f4ec7c,['190dc1c91b0ae0f3f128cc6603e354a3ec83288a']
a4f4becf52b3fb9199812dfa06e6acb461ee47d6,['298e867673b1bbf33dbde828896ea3a332f4ec7c']
a339836bbc747324807b9690c6cb5bb13b1fdc0b,['a4f4becf52b3fb9199812dfa06e6acb461ee47d6']
4f1bf2fe23e53ff4b8550882d19f2cf1dd477926,['a339836bbc747324807b9690c6cb5bb13b1fdc0b']
ede7f21278ef9adcc4dea0be44f094ff49674802,"['4f1bf2fe23e53ff4b8550882d19f2cf1dd477926', 'c4c6d8ece316a1655dd3dbff242559535ad09707']"
3e76f00baa6a5edb87761d69bbb8320d245c0621,['ede7f21278ef9adcc4dea0be44f094ff49674802']
09e5af76f333f2924b5034bca8adfdcc99723a96,['3e76f00baa6a5edb87761d69bbb8320d245c0621']
8610a9231aec206ba0ad262b7198a23207492094,"['09e5af76f333f2924b5034bca8adfdcc99723a96', '6234f3d91c6f35afd0cee2d6bc210b117f88d5a0']"
72207596be4b293a44607003fa68c4e413e1baaf,['8610a9231aec206ba0ad262b7198a23207492094']
58f2da1c85d0a02b1e8f420a320231f174b0b116,"['72207596be4b293a44607003fa68c4e413e1baaf', 'be33949bef4d64a538c6d06481dcfcc146e7f19b']"
1c24ae0cd82f1cf583a691a6fcd285ed806cc08e,['58f2da1c85d0a02b1e8f420a320231f174b0b116']
2f26475a39f94e756ef4d15ff8c863b3f692a29e,['1c24ae0cd82f1cf583a691a6fcd285ed806cc08e']
940eeb866c30cfda4efa81bae70777ea0c8d723e,"['2f26475a39f94e756ef4d15ff8c863b3f692a29e', 'c81995e37029b2b822f99f0ff76d606a81acd2c9']"
d880c7cc784cf636b2590fd98ea7c8ee67065a30,['940eeb866c30cfda4efa81bae70777ea0c8d723e']
212678f036f4f96493bc14a584e758f97cf65573,['d880c7cc784cf636b2590fd98ea7c8ee67065a30']
0c1450ca5d922b5bf713bb8bb17459dc11a97330,['212678f036f4f96493bc14a584e758f97cf65573']
4c7a6c6c3f5879a2f79080753074f078943f8392,['0c1450ca5d922b5bf713bb8bb17459dc11a97330']
a380dc8732a17a88b9adc69368eb96ab54d31de8,['4c7a6c6c3f5879a2f79080753074f078943f8392']
6177bf6c8fcd0c5a1730c66c8724bed38756332e,"['a380dc8732a17a88b9adc69368eb96ab54d31de8', '10325d97329c214bb3899c8535df5a366bc86d2f']"
3e17cdde561bd5689a642f5c9a8a5a8022134b58,"['6177bf6c8fcd0c5a1730c66c8724bed38756332e', '1d2e706dd1e4b0cab5595ab57f21b38abb01fda9']"
02919e61f6935813bc3dbe23cc89e00e0cb02918,['3e17cdde561bd5689a642f5c9a8a5a8022134b58']
1aed1296dd4a3bc471393dd0bc9b35e8afcd7e4c,['02919e61f6935813bc3dbe23cc89e00e0cb02918']
2abe5c818d77a127fa3633e0309ebac11fb0f4a9,"['1aed1296dd4a3bc471393dd0bc9b35e8afcd7e4c', 'f7d20b2198e47926f5a1203cad3655a4afdfe7be']"
c3e62de9ce952aa8572b3cae6a8497b8fdef40aa,['2abe5c818d77a127fa3633e0309ebac11fb0f4a9']
e42bbfbca2fcb5485139c310182a2132238da546,"['c3e62de9ce952aa8572b3cae6a8497b8fdef40aa', 'ece854211f117424913cdf7da48eea6ec6dd3b5c']"
c10853a6b949806a77c2ce610c56a1ad77068a6f,['e42bbfbca2fcb5485139c310182a2132238da546']
8d1c99624207ea9a26413abfceba05d7faef5397,['c10853a6b949806a77c2ce610c56a1ad77068a6f']
465663afbf0463f8e91d978993f7d46ea9c48dc2,['8d1c99624207ea9a26413abfceba05d7faef5397']
fa4a33a5667f6baacda8ef37a1a225d436722b94,"['465663afbf0463f8e91d978993f7d46ea9c48dc2', '1525aae4b3ff66057f79f86080c58cc7c48e1022']"
83bcb1bbf487a343d00327b32b37ba7101a75cfc,"['fa4a33a5667f6baacda8ef37a1a225d436722b94', '7c6988391710b4a12aa2fdb30510bec2adbf3312']"
0b2245a0f30d6745f86c9908576d8b50d9348545,['83bcb1bbf487a343d00327b32b37ba7101a75cfc']
dea3164e00080316200ff3c6412bb7f809901fd8,['0b2245a0f30d6745f86c9908576d8b50d9348545']
cbfe8fea0ee9753b1f79dd8bb9a2972d0539e9ec,['dea3164e00080316200ff3c6412bb7f809901fd8']
1853b9d18827531f5d6197b74eb501b5e57dd2d8,"['cbfe8fea0ee9753b1f79dd8bb9a2972d0539e9ec', 'a02f07c4bc7174f1470864b696616d34b95d37f8']"
1c95060a720680aa1dfb14e08603aa5bb405ba65,"['1853b9d18827531f5d6197b74eb501b5e57dd2d8', 'a7091893de3c46ffbe1fffe7c8927d0dec98aac0']"
fdf7b182475050aaf67765eb53aaf342ebaebe8b,['1c95060a720680aa1dfb14e08603aa5bb405ba65']
e7775e0b3bc3e42e8b01d7823aedc14f7dfb6672,['fdf7b182475050aaf67765eb53aaf342ebaebe8b']
2b2e56056e845e7da7abc60699eb6ae76e7f24af,"['e7775e0b3bc3e42e8b01d7823aedc14f7dfb6672', '8a234f394e7a827f22481f618d230c6a630259f3']"
327c216c2fac682df543a6e82afe23e9296ab216,"['2b2e56056e845e7da7abc60699eb6ae76e7f24af', 'ed6a73140e2608ade7cf64518a937858813e4637']"
30dd704e6ca2bd36621c5daa0812b5965b5b87c0,"['327c216c2fac682df543a6e82afe23e9296ab216', '976c07696d6dd839993f06ba250975c874f31145']"
6122357da51bc447391a464a8f7b4de1bae2d8cf,['30dd704e6ca2bd36621c5daa0812b5965b5b87c0']
846f97312c6db7b84b7401174acd0fc943baa093,['6122357da51bc447391a464a8f7b4de1bae2d8cf']
9a8f119741debce684d8d5e0aef158f6e43f5e56,['846f97312c6db7b84b7401174acd0fc943baa093']
5c156519dfc1be193a9b7fc2aa450ed1f774b60f,['9a8f119741debce684d8d5e0aef158f6e43f5e56']
68843484448fcf45e2c48bed2426d9844ee8128c,['5c156519dfc1be193a9b7fc2aa450ed1f774b60f']
641f79a325bad571b11b5700a42efb844eabc5af,['68843484448fcf45e2c48bed2426d9844ee8128c']
6be13332db5342465c2f279a5984b4b8a33420fc,['641f79a325bad571b11b5700a42efb844eabc5af']
43679fcccd3ed35cf1bf15fe42001106170761a0,['6be13332db5342465c2f279a5984b4b8a33420fc']
cf611255d6fcd7016e0ce2a3f80ccd0d4e051d9f,['43679fcccd3ed35cf1bf15fe42001106170761a0']
048c416beb42ad27cf0e82b144da1d99e50c62b1,['cf611255d6fcd7016e0ce2a3f80ccd0d4e051d9f']
4d779e088a30f958c9788366e0e251476cb18410,['048c416beb42ad27cf0e82b144da1d99e50c62b1']
4324e1bcd78a98e2fb92c81ee959e25b4193da4f,['4d779e088a30f958c9788366e0e251476cb18410']
32c313d51cd2483ea510afe044c55eeaed7c2b2d,['4324e1bcd78a98e2fb92c81ee959e25b4193da4f']
05ab55b705d7c52f6cd40107e2f3c54c9be75e56,['32c313d51cd2483ea510afe044c55eeaed7c2b2d']
d2b5531b0f034cbcde4f6dfaaba463b347fbc60b,['05ab55b705d7c52f6cd40107e2f3c54c9be75e56']
969318cfc2397110a686a0a728b56b6a0cab9f4d,['d2b5531b0f034cbcde4f6dfaaba463b347fbc60b']
11df1c256171564b0578477c226723358be812c4,['969318cfc2397110a686a0a728b56b6a0cab9f4d']
3cc71933e9fc7f9e17c9e4fc59e651aba8dc0a5a,['11df1c256171564b0578477c226723358be812c4']
ec6961b39c6e05a1ed0016e815c2e17c052d2462,['3cc71933e9fc7f9e17c9e4fc59e651aba8dc0a5a']
7b913180be9cb8f5aaded964179d6313add2f13f,['ec6961b39c6e05a1ed0016e815c2e17c052d2462']
a660c5dd2c9cdeff4b11fa224c9b7edda0a418d0,['7b913180be9cb8f5aaded964179d6313add2f13f']
c17b4f8eefe5b77b77761a0bb46b49cd1ea6965d,['a660c5dd2c9cdeff4b11fa224c9b7edda0a418d0']
2e4cf977aea30c2a8b35be4eb876874e0055e5f4,['c17b4f8eefe5b77b77761a0bb46b49cd1ea6965d']
296b6c0063a319f4b80e8f62468be95f39d4f4e3,['2e4cf977aea30c2a8b35be4eb876874e0055e5f4']
db7c013877f4c711ba5899d03b59994e20671e5a,['296b6c0063a319f4b80e8f62468be95f39d4f4e3']
7f0a99f6e63fcbc4e6971b719d235af1cf5cb514,['db7c013877f4c711ba5899d03b59994e20671e5a']
acacde55e6a4488cd749eba630ff2e68c4dc5c63,['7f0a99f6e63fcbc4e6971b719d235af1cf5cb514']
b9e74da41b750ff93f2524da09f06ded1a7bd6e2,['acacde55e6a4488cd749eba630ff2e68c4dc5c63']
da10820fe558ab481ec9cb74617b1f2ee85fd82a,['b9e74da41b750ff93f2524da09f06ded1a7bd6e2']
e918b91e23985fa1bb353c54a2e733f8ba6dbe49,['da10820fe558ab481ec9cb74617b1f2ee85fd82a']
bad0a2a4a14efe2f1d19015d3d59aa3c75faa2db,['e918b91e23985fa1bb353c54a2e733f8ba6dbe49']
5e26de982b1ab68fffeb897fef4c97458ad46708,['bad0a2a4a14efe2f1d19015d3d59aa3c75faa2db']
1b4c990b61fa4527e6dd4e8bb7e10f1c11ad280f,['5e26de982b1ab68fffeb897fef4c97458ad46708']
b5d02a63cbce062874e3b51816cf9ec962995dbd,['1b4c990b61fa4527e6dd4e8bb7e10f1c11ad280f']
2c9ca86c9cef1d0d1c54b1f61432c420259775d4,['b5d02a63cbce062874e3b51816cf9ec962995dbd']
467059b4ab5fcb8251b57c60ec3ddfce30c486c2,['2c9ca86c9cef1d0d1c54b1f61432c420259775d4']
a63e12c4c8b6d637eb6ab04f84de183e8d34bb00,['467059b4ab5fcb8251b57c60ec3ddfce30c486c2']
8af96c7b22f92ab84c142c37252f85df7b9b98aa,['a63e12c4c8b6d637eb6ab04f84de183e8d34bb00']
c14bb61a82f58b8b3ae37c6a6cc4fabe9f65dbec,"['8af96c7b22f92ab84c142c37252f85df7b9b98aa', '2a2faac0de8f03797f5365ca596490135845b88e']"
05d56e5e7e5ba1c70962f1a9ec281cf48096aebc,"['c14bb61a82f58b8b3ae37c6a6cc4fabe9f65dbec', '8e32744287fdd7ce22d137d58a431a8ba8067a71']"
a626fa04f983623b1e2c00189df6f0b83b806b5f,['05d56e5e7e5ba1c70962f1a9ec281cf48096aebc']
f6e407b436370903650e0120132078113a1984b6,['a626fa04f983623b1e2c00189df6f0b83b806b5f']
db187cf40ee307524c48cededd58710a4dfb4812,"['f6e407b436370903650e0120132078113a1984b6', 'a70bc6c6a268e774306acb71550e84e85a989fc6']"
1b2ecc6336ae15ede5f2e4b2bcee8c3ceb7db3e5,['db187cf40ee307524c48cededd58710a4dfb4812']
a0e4ae55f2d0f64c1e869213513af5e22bab07b0,['1b2ecc6336ae15ede5f2e4b2bcee8c3ceb7db3e5']
439490f9158741234e638f41a5c0bdb236c4e988,['a0e4ae55f2d0f64c1e869213513af5e22bab07b0']
011611c7659e02ff875ed0ffba184b9aa06504a8,"['439490f9158741234e638f41a5c0bdb236c4e988', 'f42e58c381a1a8d4feb9384de3b8d8c857830d33']"
cdc8146bd46ae8bf3395498c529513730d446824,['011611c7659e02ff875ed0ffba184b9aa06504a8']
1fb0ab92f828c8b3da6db527bcce1b71b7d2563c,"['cdc8146bd46ae8bf3395498c529513730d446824', 'f82e862e1f1f2df2e43225280cb6b967eded097b']"
3c145d3492331959d21f6d0c3b8c7e71d35de69f,['1fb0ab92f828c8b3da6db527bcce1b71b7d2563c']
05151ecf79a5d3dff38fe738a3e5be9f3c253b86,['3c145d3492331959d21f6d0c3b8c7e71d35de69f']
f7f2ef4447f462b2dd56c26ba2b813f1a3166cec,['05151ecf79a5d3dff38fe738a3e5be9f3c253b86']
0663b51ed44db97740096a1002d2b63f3e17a3eb,['f7f2ef4447f462b2dd56c26ba2b813f1a3166cec']
83a922b55ee22ef8e643dc4148474deb84dad38a,['0663b51ed44db97740096a1002d2b63f3e17a3eb']
833e96534f61e2f3a4b5db3b5c15197f95ee3430,"['83a922b55ee22ef8e643dc4148474deb84dad38a', 'eb80104c19073ebf8913263cea59128b7ae0041b']"
153e0cc37aacf04fec3de51ebc1690e50f16b614,['833e96534f61e2f3a4b5db3b5c15197f95ee3430']
1a03127385d1613b31567630559e34cd83e08376,['153e0cc37aacf04fec3de51ebc1690e50f16b614']
7933dc583838fa7273cf55c03400a591a41d23db,['1a03127385d1613b31567630559e34cd83e08376']
53b7d6c6bc23d7e723109c3b41e2ce6746ffbaba,"['7933dc583838fa7273cf55c03400a591a41d23db', '1425c65b5e2cc7f57bf0ac51e4b6bb546736b601']"
ef5d7156dba5fb5f03b3d46e9ecfec5273eca66f,"['53b7d6c6bc23d7e723109c3b41e2ce6746ffbaba', '9ae4fac8dd41a17c359f847054d0ab08c4401d7f']"
41e56dfecee0db1975c9859017c0de1226afb4b5,['ef5d7156dba5fb5f03b3d46e9ecfec5273eca66f']
d03dac743206046c2db7b73d09e177310e217dcb,['41e56dfecee0db1975c9859017c0de1226afb4b5']
f0db86729268b65b270ccfed15d9af6cf4113d51,"['d03dac743206046c2db7b73d09e177310e217dcb', 'def0ac806025905e79cbfea1dfd8a1d7fe80f08e']"
60ab29759e4f41f1e115825bc58b3bd2893877de,"['f0db86729268b65b270ccfed15d9af6cf4113d51', 'b2172c394e7ef40c4820abe6b830b64c7ceeec4e']"
c78f6aa299f5fd271e1a83ee8e700cef230b8048,['60ab29759e4f41f1e115825bc58b3bd2893877de']
c14912785d22734d735b5c4f8638b57dff009a97,['c78f6aa299f5fd271e1a83ee8e700cef230b8048']
7527e943e6c8ea909f22d9d66246ac6c8bc2d6a0,['c14912785d22734d735b5c4f8638b57dff009a97']
90a14f89e178e78cdcb16aec217fab99ad89fbfa,['7527e943e6c8ea909f22d9d66246ac6c8bc2d6a0']
8db31c5972873a4f919469fb3387454116a02869,['90a14f89e178e78cdcb16aec217fab99ad89fbfa']
2e9b8df963eae74e390c090be82142a7bacd3f51,['8db31c5972873a4f919469fb3387454116a02869']
f3026e10852c8bd48396b589733d3dd409405734,"['2e9b8df963eae74e390c090be82142a7bacd3f51', '8a2073cc61699f5692fcf638f4bae4d1c544870a']"
328702891e6f8a06b80ce9fa5f46b215ca9619ef,"['f3026e10852c8bd48396b589733d3dd409405734', '584a1ca1f75f86b05ada98e8ead1973e5cf9cbc9']"
481f84597bf842df45b068cc24c328112e8bcf40,['328702891e6f8a06b80ce9fa5f46b215ca9619ef']
ae9014ef6a6a135c1244e2bc5c09b29fd11da370,"['481f84597bf842df45b068cc24c328112e8bcf40', 'b57260f848da5cfc6b03c871987ed34d8bfda9c7']"
5fd47e77ab6aa74595f828b161d6958fecc7e2ca,"['ae9014ef6a6a135c1244e2bc5c09b29fd11da370', '008cf6a11dee780577aa4767de7775484a66dd9e']"
da9aa34bec7c68ba7f2988abb917b0a7aeb7f23f,['5fd47e77ab6aa74595f828b161d6958fecc7e2ca']
586bd479cb4cb90dab6a49f5e9ec3976901ffd58,"['da9aa34bec7c68ba7f2988abb917b0a7aeb7f23f', '165cd626c5bdf4ff2ed30202f2d7b41bf05772bd']"
dcd2056e463b0f66039372c31c5319d5b368588f,['586bd479cb4cb90dab6a49f5e9ec3976901ffd58']
375c6b8f2ea934eac4a1e7673479ba20202152c6,"['dcd2056e463b0f66039372c31c5319d5b368588f', 'e43656c711e952dcf85e3c0213dd7c8959f9c85f']"
1ab31b1715e9db498847725dadfb82b16f71143b,['375c6b8f2ea934eac4a1e7673479ba20202152c6']
c69dfdd5e14af490790dff8227b11962ec816577,['1ab31b1715e9db498847725dadfb82b16f71143b']
978a8050e28b2afb193a3e00d82a8475fa4d2428,['c69dfdd5e14af490790dff8227b11962ec816577']
7b6b204924ec3d2aeb4c42c09456fbbefc3c7817,['978a8050e28b2afb193a3e00d82a8475fa4d2428']
01b17c40cf20df576fb18315c2019645d5050ddf,['7b6b204924ec3d2aeb4c42c09456fbbefc3c7817']
1ba357553aafe30ecf33b9c7863c44c0b8021e78,"['01b17c40cf20df576fb18315c2019645d5050ddf', '7bf2f9559f884827f2ea09412e4c20a456e972df']"
1d3a0c95573d6c5f63ba92e332fc93d9b166efe5,['1ba357553aafe30ecf33b9c7863c44c0b8021e78']
30cffeb388f9065f0c5ce5fa53e127940a8917b6,['1d3a0c95573d6c5f63ba92e332fc93d9b166efe5']
9318ff425019b9f88e154a80f3aeb23e6c69cb69,['30cffeb388f9065f0c5ce5fa53e127940a8917b6']
0d7de507a5d6e9292aeabe357fab6976f81f5be4,['9318ff425019b9f88e154a80f3aeb23e6c69cb69']
6e5e1e54bcd416080da404be8ade658d7b81c4c9,['0d7de507a5d6e9292aeabe357fab6976f81f5be4']
55832c6c96a22f68b505f858485083a350da09a6,['6e5e1e54bcd416080da404be8ade658d7b81c4c9']
7be4e5bd222c6f1c40f88ee8b24b1587e157a87e,['55832c6c96a22f68b505f858485083a350da09a6']
87d1c6794422fc32cac01715ac485519766c72f1,"['7be4e5bd222c6f1c40f88ee8b24b1587e157a87e', '8a992188533b04e8d8794f059d9324a159ba17e3']"
ffa527138bfbb56064112b3bb23ee39f73e8cf40,"['87d1c6794422fc32cac01715ac485519766c72f1', '99bf2902b29c4ab910d5043fe7091f7df04c21fe']"
ee486e8e43f4e45c6d0ea0b9814c88dbe3eebba2,['ffa527138bfbb56064112b3bb23ee39f73e8cf40']
a1fc055489766876e8d3ee2bd75a5fef25f05b33,"['ce11ff73db567b75095c118ccb287d88badf5d57', 'ee486e8e43f4e45c6d0ea0b9814c88dbe3eebba2']"
8e303014bcaa0ed8fe614b95b08d742aa3a5ccf5,['a1fc055489766876e8d3ee2bd75a5fef25f05b33']
1a0e088a19ba188664b66d4f7837f68031a00a92,['a98b756c736ae5f7b6b4bab21d0d85be42ff7c03']
6f8d347b83edee1d72aef4735ec9d024baa7ba57,['13ea1d575ce0c346a5ce6ea33df01007e2b34c28']
46a88ded0d84d8bce5eba4d3339110feb072ebc5,['c8f2889bdee198474219f07205e445d1ffb1af13']
1a75ec82885e45baf4d5cd56d6c738d8e68d8bc7,['3f46a62ff9418307bb87f7e45f6b1d2e5c11021d']
f23fc4ad1093e0249fa0a15ddfe3796d10745b18,['84a97fbcf674e6f2403545fa6143c28e36f12fe3']
a9471b97c134c954c99f1531d5e8e8e5ed8e3f4f,"['f23fc4ad1093e0249fa0a15ddfe3796d10745b18', '99a68a14237b4cd1936ba5e9468d25d35dad594c']"
04416861eb068f5d0a4ba1361924714d89f2d73c,['a9471b97c134c954c99f1531d5e8e8e5ed8e3f4f']
66931670287bc859300014ad50531f5d9a648067,['04416861eb068f5d0a4ba1361924714d89f2d73c']
543701387fc0054082a17da15e85e9e8f8025801,['66931670287bc859300014ad50531f5d9a648067']
2fd05aa59765b86e36f56163a6718e895cab3012,"['543701387fc0054082a17da15e85e9e8f8025801', 'a4ccb8f504e79802f1b3c69acbcbb00b2343c529']"
950273bde4ccfc3721667898bbef39660fa0ad25,['bc13dfb1426944ce45293cb8f444239a7406762c']
72b3f302dc3590b7f731cad26558cd592c35dc5a,['01ce7ba3a4af867763e437ce46a4f5e1d6e5a6bf']
4f15b9dfed02845b07539f074ccee3074647dffd,['f44ca78179f63bcbc6b42609843cb37c7295641f']
789ed57e7171b6813a212af977bfc2134dc90f65,['2fd05aa59765b86e36f56163a6718e895cab3012']
39a5fd5c710f27db34485dcf2071351f47922952,"['789ed57e7171b6813a212af977bfc2134dc90f65', '84ff2d6d066ee7d854dfcb93bb85df7b98a3d761']"
9972a9633df404a3cf3956b21c4d587276e181ca,['84ff2d6d066ee7d854dfcb93bb85df7b98a3d761']
30e1b3bba856b2379a0dc1e7450512427d39c5d7,['39a5fd5c710f27db34485dcf2071351f47922952']
b74d7427855eb7e20be70155c11acac0e333bd6a,['30e1b3bba856b2379a0dc1e7450512427d39c5d7']
00a1548005c10f0e16f2fb01a43893bea21870e0,"['b74d7427855eb7e20be70155c11acac0e333bd6a', '1b93f8e5c3f656c873d1dc78b5a581273a061496']"
4f6e0a5a659064e0af3bec315e7c25d5e43b47f5,['8a109ebebbf01e26339016aff9e77397b7b6b87f']
844faefd080e3fa35bbe56b60089fe8d4226b5cb,['00a1548005c10f0e16f2fb01a43893bea21870e0']
30068a1d83aee0838f06f2f8683ffa13d4fc2b2d,"['844faefd080e3fa35bbe56b60089fe8d4226b5cb', 'd483b6f3fc1128cd98f00b1801f22deaaae7eec0']"
b455e547499895e803115721a39112c0523ad39a,['30068a1d83aee0838f06f2f8683ffa13d4fc2b2d']
b3ac25048c298e933a6e576c72e8ebae07a93ab6,['2bb3407af916b13e5f139b11533f1b3032633dc1']
c42a90bd9e67b48f4c91c57fa9d7c55858d262ce,['b455e547499895e803115721a39112c0523ad39a']
97804bacd0697e91d90a53bf41928be131cb8dba,['c42a90bd9e67b48f4c91c57fa9d7c55858d262ce']
3646705f7a17779189f1de9fab946ba4c35d9c42,['97804bacd0697e91d90a53bf41928be131cb8dba']
ca6f0940fd7bddde5adf43b428547a6d67825fe1,"['3646705f7a17779189f1de9fab946ba4c35d9c42', '74b4b45651037fc8d2a97d3b2de51334dcbf759c']"
693ec453d2b8a07dede2b931d698c702e12fc935,['ca6f0940fd7bddde5adf43b428547a6d67825fe1']
706394d03992b394e9f907aff2155df493e4ea4e,['3ced5ea06698fa781f76c5e7d4440f54ce5fcad3']
41a014c31b3e435354a25d4b7d53f0bd2cede9a1,['693ec453d2b8a07dede2b931d698c702e12fc935']
2bf19979b3725f4a4483afd766ffb9ef03be0c4c,"['41a014c31b3e435354a25d4b7d53f0bd2cede9a1', 'dab66bee5559a75f6d3756fc224fcda9cd4d598d']"
6f2aae046d9ebeeae1cd82a687ed6fb165405988,['2bf19979b3725f4a4483afd766ffb9ef03be0c4c']
989d65ab977ce42913b76acc4a27eaedcaa113ed,['6f2aae046d9ebeeae1cd82a687ed6fb165405988']
2ed825e66cf6b6f211cbf31f9effc173601d8146,['989d65ab977ce42913b76acc4a27eaedcaa113ed']
ca49126e3d98f24037615d9d29ebaeda4fc60c51,"['2ed825e66cf6b6f211cbf31f9effc173601d8146', 'cc052d2a4a70f237e812f377785f4a7e67670f7b']"
c6e132124591362657e6f1722acca376747ea254,['ca49126e3d98f24037615d9d29ebaeda4fc60c51']
9d5799553fea81920edfab611e5d485a97841848,['c6e132124591362657e6f1722acca376747ea254']
f6c01e2f8e02e4cba7912d185e110b06102fc8c1,"['9d5799553fea81920edfab611e5d485a97841848', 'cbc242429093ccabf76248f857de5e587a9682b0']"
5dbbe0e0a5d31689d3425e490865f95057dc051c,['0bf8f11860e68f615260543514d0d604d523efe8']
a2eb525ce1e7228f8585e6c462e37588806f9834,['5dbbe0e0a5d31689d3425e490865f95057dc051c']
235a28874b3cc3b274e933c14c6fb5b81d77340d,['f6c01e2f8e02e4cba7912d185e110b06102fc8c1']
4cd70e87beef40c5e6c04279bf1e44648c86693a,"['235a28874b3cc3b274e933c14c6fb5b81d77340d', '810ae618fd2b308bc65a3264a90233658010380e']"
52ecdb751e8b9e37e960ed07e51fdf25b980d2d5,['4cd70e87beef40c5e6c04279bf1e44648c86693a']
e14e10fb86e5bc63f63f95ecd7a6d5e7dfdbfa03,"['52ecdb751e8b9e37e960ed07e51fdf25b980d2d5', '235502d60b06d56a95edceecbf6f5b078a77d838']"
0600e834be8a148c8727ce4520e48b7f3235a738,['e14e10fb86e5bc63f63f95ecd7a6d5e7dfdbfa03']
7b1d347b43cc0c49bdf6e72d377fad5789013e71,['0600e834be8a148c8727ce4520e48b7f3235a738']
1a3bd5d42f0a47de7353764052caca9b9dcd6e72,"['7b1d347b43cc0c49bdf6e72d377fad5789013e71', 'd1a54b872dc0b38801e7cf6eef0a27272e867c1e']"
6c544adeb35c4aff3fc6d2e8fdfd66e20606d8f3,"['14bf2d43576e8989a7e3b1831bdf5447379256de', '1a3bd5d42f0a47de7353764052caca9b9dcd6e72']"
64ec449010be3e1c37ec9f1c438257348e67f1ba,['e937068c0bc68fc56e5c75ccc6b91fd164acf30d']
39661c06f78dab00e296b74199f47d630e5d3845,['64ec449010be3e1c37ec9f1c438257348e67f1ba']
f65f528356774bb06e7172da6eab8a48728c42dd,['800cfd5c1c3783b1182ebc75db3cf8e0501ac144']
0b3af2a66b3e357e7eade8d0580e232f420116a4,['05a73a3a1ea064b0d819d1851bce820e7d1f3f65']
9947d8054c035c93c775908a37489efc1ed36dbd,['543f86631bf07053a045d5dabcad16fb8f9eff97']
5952c7bb62854384fe2774c248625fe1bd7263c5,['21fdf16b0d866dfd9eef22515be5da5f1cd9ac59']
9729f841956c00757a4606f50e8b353068f25a02,['cdae6953e80e81693bb4c9eb38b62eaba3ac8cf9']
23af0493e4f7dc1e910858bdf754013e63503a31,['638367987229f3afff1fc59faa87a8ac287c303a']
74d4573a23db5586c6e47ff2277aa7c35237da34,['23af0493e4f7dc1e910858bdf754013e63503a31']
939f4a9f92ab260aee697d3715946218a7ff769a,['74d4573a23db5586c6e47ff2277aa7c35237da34']
d2d0736de40c2b2c7872d2438bf1695e23ded5af,['939f4a9f92ab260aee697d3715946218a7ff769a']
b17018e4b821ec860144d8bd38bc1fcb0d7eeaa5,['d2d0736de40c2b2c7872d2438bf1695e23ded5af']
e1dff3df99dfe7208be58c984fda16c01e05f587,"['b17018e4b821ec860144d8bd38bc1fcb0d7eeaa5', 'e217a05255497fcf243ad7b379553db7fd0a2493']"
e08604907c636fd4c0d005d2ea505dae71d41ff3,['e1dff3df99dfe7208be58c984fda16c01e05f587']
9b4a7900c7dfc0590316eedaa97144f938885651,['1799046f7a0bf3abbec9c3c659ed3c3a32c3b09d']
3a53ef4a802b51e1d5f268f669cd112c03607755,['e08604907c636fd4c0d005d2ea505dae71d41ff3']
bc88c7b0433178b0f8ecd65c44d7b71647421bf1,['3a53ef4a802b51e1d5f268f669cd112c03607755']
302f1e96ce3349a5307834036d19f00197aee447,"['bc88c7b0433178b0f8ecd65c44d7b71647421bf1', '9d0f8792a9a1d3d2b24adfc2c213247a099e7ad1']"
4b674015655b0a535bdb85c175cd8ce8b98ba505,"['302f1e96ce3349a5307834036d19f00197aee447', 'c93185df660aa4fbb7885794550177286f9f3029']"
f765fdb65701e61887daedb2b369af4be12cb432,['4b674015655b0a535bdb85c175cd8ce8b98ba505']
160bfcd6c2e2bc4a4adfa397f0f716430a0832bb,['f765fdb65701e61887daedb2b369af4be12cb432']
4a9b3c693def87579298fb59b7df0b8892a3508e,['160bfcd6c2e2bc4a4adfa397f0f716430a0832bb']
c95a1674b61ef2a6963dc64604986ef90a8c636d,['4a9b3c693def87579298fb59b7df0b8892a3508e']
42cdc1b0835abb4a331d40f30f2c210143b747bc,['c95a1674b61ef2a6963dc64604986ef90a8c636d']
d5abe22844f8cc95836440948046d953c036f124,"['42cdc1b0835abb4a331d40f30f2c210143b747bc', '89153a9c684bbafd9a1309ca2a20347251c577e8']"
5789de83a754b6afaaffd308b8e2bdac10c908ac,['d5abe22844f8cc95836440948046d953c036f124']
7cc88f02f216ce3a01afb11ee2c21d8e49a62e66,['5789de83a754b6afaaffd308b8e2bdac10c908ac']
fccace6116713c85cd59a808c565ea39fb5d6944,['9c060fe229056d605a93fbd7f871ff5727d396b7']
643608ea576f6afc8d940a0d910d0ea69a2dd77c,['7cc88f02f216ce3a01afb11ee2c21d8e49a62e66']
f9a0d78ef5889bb1b9510ba15a1a780fcc9560fd,['643608ea576f6afc8d940a0d910d0ea69a2dd77c']
aa6f18e81b01420febc007faeea1edfc937a786a,['f9a0d78ef5889bb1b9510ba15a1a780fcc9560fd']
0555a2145d3d89367c6af09ae93f14d058b8c06c,['dc33a0765cd27255021911c4abb435b5850387aa']
a8ff29266934d6d1455cc2f0af16856dbbf1796d,"['aa6f18e81b01420febc007faeea1edfc937a786a', '92cb6b093c7e3a39083c0497d80bd7e4eeae9c7f']"
1e68d4726b225fb4a62eb8d79a3160dd03059ccb,['a8ff29266934d6d1455cc2f0af16856dbbf1796d']
6f5ae49063fe7dd0df39db6a3862d7d0a0738de2,['1e68d4726b225fb4a62eb8d79a3160dd03059ccb']
8021d9199f278345aca6211f318145342ad036f4,['6f5ae49063fe7dd0df39db6a3862d7d0a0738de2']
72485f3112832a6a32f912d59ecf303a0c7e919a,['8021d9199f278345aca6211f318145342ad036f4']
f6b7f067c34e1fc3c050453f00f2d81274cd32b4,['72485f3112832a6a32f912d59ecf303a0c7e919a']
13daca1ef6aa4a24ff9a840397dda1bbddb16e37,['f6b7f067c34e1fc3c050453f00f2d81274cd32b4']
99ec5bd8d36a01cba7a0b2ab1feed3203f493ce6,"['13daca1ef6aa4a24ff9a840397dda1bbddb16e37', '6669feae07e631988b152a24e85c9cb9770d36cb']"
437948ea1c0c9c61c2b5049b82ffd9525f33be97,['99ec5bd8d36a01cba7a0b2ab1feed3203f493ce6']
cae8116a146cb27d40e4e41cece9a17945bc7f9c,['437948ea1c0c9c61c2b5049b82ffd9525f33be97']
8b88542f606a6beec594d3e1c124c30dfd0d3ce6,['cae8116a146cb27d40e4e41cece9a17945bc7f9c']
df801074c929d5414b92cc9fc0cc8a2794e02751,['8b88542f606a6beec594d3e1c124c30dfd0d3ce6']
16234cbd5f93946bb76f8457407575ed35d7fc0a,['df801074c929d5414b92cc9fc0cc8a2794e02751']
009235f4a9a6b6f0af49dd0af39a842ef25a9534,['3a4dcfba573ecfe2e776cea437d70c18adfeaeb9']
1cea56d6efa1872320cc387f237539dc232c8f1f,"['16234cbd5f93946bb76f8457407575ed35d7fc0a', '009235f4a9a6b6f0af49dd0af39a842ef25a9534']"
aa65777ef0480b74e99e0fa2f1077690cb3f3eda,['1cea56d6efa1872320cc387f237539dc232c8f1f']
ca4582222e89114e4c61d38fbf973a66d2867abf,['aa65777ef0480b74e99e0fa2f1077690cb3f3eda']
60c20e559b8036410e2d9081b9c60d1e04e56253,['ca4582222e89114e4c61d38fbf973a66d2867abf']
959afc0fd3bdd4fa366fbec97ffa6b96d4528e53,['60c20e559b8036410e2d9081b9c60d1e04e56253']
729ec86907c91f6f72df5313e4ed0c9ebdbde407,['959afc0fd3bdd4fa366fbec97ffa6b96d4528e53']
c5199cace63f11c3f46b4067032afad82ee4aef6,['729ec86907c91f6f72df5313e4ed0c9ebdbde407']
c859e87d1efdc48b9a7f6d2b41151094825d881e,['c5199cace63f11c3f46b4067032afad82ee4aef6']
8a8c9c18d37f0c8b219264796c0df4bcae6f4e38,['c859e87d1efdc48b9a7f6d2b41151094825d881e']
a93ba1648ac78ae0ad9e7c75c35e8594d8c48af4,['8a8c9c18d37f0c8b219264796c0df4bcae6f4e38']
d543140089690f4ec877d26981f4ad7908b33d1d,['7c491887e58bade308cea9e6d4995ea3e8acc4c0']
40d56f1741bd5ab51bcae600e959c6e02f04421a,['a93ba1648ac78ae0ad9e7c75c35e8594d8c48af4']
853db9ec2472877eebeeeeea79a0145a6bd7c049,['40d56f1741bd5ab51bcae600e959c6e02f04421a']
83c14fbd24353b5e882f065faec81e58449afed3,['853db9ec2472877eebeeeeea79a0145a6bd7c049']
e9f4de5ced3a031e100b7cbd3de7727b09935187,"['83c14fbd24353b5e882f065faec81e58449afed3', '9f6cfe32e4fe51fe7067dbaaded05058cba5464b']"
663e7484c04c197eed53f10a7808140f1c955277,['e9f4de5ced3a031e100b7cbd3de7727b09935187']
3ccd905d8a0fe5e3a206ac955b689a6f02b25e67,['663e7484c04c197eed53f10a7808140f1c955277']
f26c63df2146ee850b8f740bfd7f9392bf160c16,['3ccd905d8a0fe5e3a206ac955b689a6f02b25e67']
8a3e64c77f73998326e9d72df75597bb0ad7b857,['f26c63df2146ee850b8f740bfd7f9392bf160c16']
248756eac6f5002e44c9e176428741537e2c533f,['0187553d9ac2113cad439dfce70874dee5235768']
b1ceaac3e6261d009ccb7b3a87143c14c507adb4,"['8a3e64c77f73998326e9d72df75597bb0ad7b857', '33a3efcd18b166fd71cf8c13a49f1b6af37a9724']"
802ccafcd98159278139ba43f5e05fd949ef4d15,['b1ceaac3e6261d009ccb7b3a87143c14c507adb4']
10a0eaaf0a5ded24f95d93a1f609320db322494a,['802ccafcd98159278139ba43f5e05fd949ef4d15']
70fc5cf01c9274c2afddac51f4999166d81d4e11,['10a0eaaf0a5ded24f95d93a1f609320db322494a']
ff8f84ccf6a2b23da7a80aa3681679a210a55690,"['70fc5cf01c9274c2afddac51f4999166d81d4e11', '33c16f2a24fc70e038a7aa48c83e80cd3e6d867f']"
adb50a353733788497d69d5bdc12c874d7848f95,"['bfce95d463b70c82c33b3bc2b15f7ed90eee592f', 'ff8f84ccf6a2b23da7a80aa3681679a210a55690']"
7ca007b2413d4373e4cb1a4e70958490a2408e70,['81144578444d6e2d5416b6899903ccf181b65157']
d5d2628e4477b3e20391f8ad3a32c2889f44a4fb,"['9729f841956c00757a4606f50e8b353068f25a02', '7da5d03c35fc42dc99d13cb073b8ade0e98098d4']"
5c1a7b9d5d79a1cd69dea4ca038fe74259b29653,['d5d2628e4477b3e20391f8ad3a32c2889f44a4fb']
e75424544ff60d38575cde580fdae1a17f7a7289,['5c1a7b9d5d79a1cd69dea4ca038fe74259b29653']
4cccdc2a96b90c9e46e801b12b03788c1b16ecb7,['e75424544ff60d38575cde580fdae1a17f7a7289']
40f8b7dcfb72727558ebed99f68f6fec368546e5,['4cccdc2a96b90c9e46e801b12b03788c1b16ecb7']
79e7257bb138392db28e940e282c58d8ce0c2180,['40f8b7dcfb72727558ebed99f68f6fec368546e5']
ecffab63af630dac6e51fd2ccf225bf40d31b157,['79e7257bb138392db28e940e282c58d8ce0c2180']
f5c4defcb3deefcfc74eeeae208dcd4ee27efbef,['ecffab63af630dac6e51fd2ccf225bf40d31b157']
af130d4baff1d5edb703a72a40595809ba3342dd,['f5c4defcb3deefcfc74eeeae208dcd4ee27efbef']
a2d837b0e99965aa9e1dab4d8a89fb1a93d075a5,['af130d4baff1d5edb703a72a40595809ba3342dd']
d9a9daeb2d84f15166f995af65e793828260bcad,"['a2d837b0e99965aa9e1dab4d8a89fb1a93d075a5', '5d94cd9e48c5daad8ef635b02c1187992c4f94c1']"
625d7cf20ba87d183453f8462b92b6c2e4f56c98,['d9a9daeb2d84f15166f995af65e793828260bcad']
820b5495caf032983f6bef2c1cd95af44ed7fa10,['625d7cf20ba87d183453f8462b92b6c2e4f56c98']
f29724956a581442033b09c13146e0ac71c40198,"['820b5495caf032983f6bef2c1cd95af44ed7fa10', '35ec20b7c63566fe0830dc1118c9d1da257939a7']"
9a0651b4b86727910ae29d055aac6a23490b5ed3,['f29724956a581442033b09c13146e0ac71c40198']
4fde5c01901b6acb4363747d01603664a0283fc4,['9a0651b4b86727910ae29d055aac6a23490b5ed3']
b897bb8992b3ab70febbb0400c565c8141cc9038,['4fde5c01901b6acb4363747d01603664a0283fc4']
14d8d0a67055afd0536769d48b2924dbcdcb93bf,"['b897bb8992b3ab70febbb0400c565c8141cc9038', '1e45b1f1fd38543b0b1233f57fdee1ac4a365332']"
2d5334931ed569e11b293a49fb7f475a09da2616,['14d8d0a67055afd0536769d48b2924dbcdcb93bf']
40d2b6f308bd0082b0fba835242f688f38700613,"['2d5334931ed569e11b293a49fb7f475a09da2616', '2d74f6805432d2dbbc4f1f07ac185bb4bdc429ad']"
719279ea8a510ba8d04174ac85ad42fa991725a2,['40d2b6f308bd0082b0fba835242f688f38700613']
b5355e505048f0af8bbc167b1339c89fbfcc62e3,"['719279ea8a510ba8d04174ac85ad42fa991725a2', '0e796b61e829c4bf763caf13b0f53cb1bcefdeee']"
9e26fdcda7957962088f2c2bef2b3ba0324e6dd1,['b5355e505048f0af8bbc167b1339c89fbfcc62e3']
f60a844e7af0fd95cb10f6faa427a73314753dbd,['9e26fdcda7957962088f2c2bef2b3ba0324e6dd1']
564adec5b5d5264897572f68d9e19a916f887c0d,"['f60a844e7af0fd95cb10f6faa427a73314753dbd', '4bcf516d0e4220f876fdf83f05f0b1ffbd3af243']"
783124488c39be9c187cd7b1a74a6a80db439856,"['564adec5b5d5264897572f68d9e19a916f887c0d', '1b3b09d94794622e8336220d897a1f10c4654677']"
f3b9963d46e9a6cdc0060e1fff0ee23a2c760e1c,['783124488c39be9c187cd7b1a74a6a80db439856']
e341184d542af0cff133c1050a2663c83c3dc554,"['f3b9963d46e9a6cdc0060e1fff0ee23a2c760e1c', 'ab8fa651f736525c8e40229ee99859cee9c1ba33']"
8b71399abb323698a4850cd4f4a1e3763f13e6a2,['e341184d542af0cff133c1050a2663c83c3dc554']
04b2adca05bc9c2eb34dd87263998dd5fd038307,"['8b71399abb323698a4850cd4f4a1e3763f13e6a2', 'a124297cf016439ee426d3142627606875b9667a']"
98c0f13b19277a3397102cefceee984d5760ae30,['04b2adca05bc9c2eb34dd87263998dd5fd038307']
77fe43ac1440356f77c6207276463f16df75e3b5,['98c0f13b19277a3397102cefceee984d5760ae30']
e5a7b3d4307951f0574c2341178e3cd95e69f7b7,['77fe43ac1440356f77c6207276463f16df75e3b5']
554fb4d2b24a46ba1f6e1693acf7df0b21d6f677,"['e5a7b3d4307951f0574c2341178e3cd95e69f7b7', 'd174f574bafcfefc635c64a47f258b1ce5d5c84e']"
deaf979d4122a0a0e4ae0557abbb7f17d18a9380,['554fb4d2b24a46ba1f6e1693acf7df0b21d6f677']
f84000900afa8b6274eb227992134f24dbf5c2b4,['deaf979d4122a0a0e4ae0557abbb7f17d18a9380']
b3bc2fb76e1aca8e7327d1d1a6e4c8a013c575de,['f84000900afa8b6274eb227992134f24dbf5c2b4']
34413c2000d9262faa37fde88a72939587edc776,['b3bc2fb76e1aca8e7327d1d1a6e4c8a013c575de']
92c440c1158bb3939006d208ad1cda23bd532168,"['34413c2000d9262faa37fde88a72939587edc776', '1734215a10fd93e38849ed0235b5e026b7f50f83']"
7160c01f61ceb4fa6b4ae61d4cb617e067a0b6b3,"['92c440c1158bb3939006d208ad1cda23bd532168', 'c013142a12692df90f3b3bc5878918f2c9f8c55e']"
8a577a16f96437d87ad764dedbdc67d4c184b8d9,['7160c01f61ceb4fa6b4ae61d4cb617e067a0b6b3']
b94cf83a113564ec07880c44d6b03a461f9fc923,['8a577a16f96437d87ad764dedbdc67d4c184b8d9']
5120bfca0adedd57e879a72d989de124fdb84838,['b94cf83a113564ec07880c44d6b03a461f9fc923']
40fe1ffbaa157afc3515bfb7a630dbfeca856f04,"['5120bfca0adedd57e879a72d989de124fdb84838', '7c9778e2c3bc030daa995a8fb630047739cd484b']"
099762a0bc960066f8157fdd1e495b6752a6f802,['40fe1ffbaa157afc3515bfb7a630dbfeca856f04']
2a9f450511655d105d14a7a0adc3dbffd229ecce,"['099762a0bc960066f8157fdd1e495b6752a6f802', 'fe8f635b78d59e286771ec75ff73245b40d30907']"
2116d0520e528c44fa280f2a5b28594c6d6fc28a,['2a9f450511655d105d14a7a0adc3dbffd229ecce']
8ca8687fb2fc74ab7c5199a93c70661996ad9e72,['2116d0520e528c44fa280f2a5b28594c6d6fc28a']
b5a2dd19c46a02f3387be0719f1d2d02b587de0d,['8ca8687fb2fc74ab7c5199a93c70661996ad9e72']
9bed64a6fc84f640c7bfded6228b4d7fee9ea45f,['b5a2dd19c46a02f3387be0719f1d2d02b587de0d']
d8ffea5943b3beaae7d6f2e5e20eab03ce4c9050,"['9bed64a6fc84f640c7bfded6228b4d7fee9ea45f', 'd66f9e8269424f588180f2659c8cf132a2a7dfc9']"
1253e02f6654bd05ab063225208dec0324691fc9,['d8ffea5943b3beaae7d6f2e5e20eab03ce4c9050']
f83f2300cf3c8adad6e247d220c73213bc306a04,['1253e02f6654bd05ab063225208dec0324691fc9']
3dd84fcef7ee73dfd54b373c0739ee4aedc80159,"['f83f2300cf3c8adad6e247d220c73213bc306a04', '0f1899ee19ab13d5128801063b0ce17612c0e96f']"
1ce3274dd5eb114e1d154bceaa6dda3e1e1e1c78,"['3dd84fcef7ee73dfd54b373c0739ee4aedc80159', '9047eb516261b8c9c380d140a43dfdd5d701dee5']"
1634e980af422c0af2f7c9c7280a77f2fbddc9c0,['5caef4894760c666a3dcb9cdbd6b584724a92182']
833b928adf40ccf6385d665bdef8d5fca8a2f480,['1634e980af422c0af2f7c9c7280a77f2fbddc9c0']
a85a0293c77f7cf0471d242458f04ec61e0129bc,['bf7d772b797680da69b9945b57cec0bfc9b46f88']
d866f81edbd70121a9e29e5d25be67e1c464397e,['a85a0293c77f7cf0471d242458f04ec61e0129bc']
6ad475285329894c0e0e1f0e253de4d47b6ac4f8,"['1ce3274dd5eb114e1d154bceaa6dda3e1e1e1c78', '571da54179f731eb8421ffc681169799588f76bc']"
d500d59cbef51f1b0b0291995893b85a139bcec9,"['6ad475285329894c0e0e1f0e253de4d47b6ac4f8', 'e5d54ac89a0cdc9698235832021d8bc54f656407']"
9821af9ce8a56a2c583f1ed938902c20e897048f,['d500d59cbef51f1b0b0291995893b85a139bcec9']
df2fb006b28bf1907fe3c54255e5f6bbb7698285,['a5331eeeadd1f248b6961078303d75d41f241919']
f4a723249eebe019de0188b715904bbc35e34fbf,"['9821af9ce8a56a2c583f1ed938902c20e897048f', 'bcaba939417522ac95226f1fab2a82949f05a6e9']"
39d25fbac331ede57196f7a2d2d5e26e2fbc1c9f,['f4a723249eebe019de0188b715904bbc35e34fbf']
cbbaa93ae09bf5cf643263faf78f99315c4f3a8d,['39d25fbac331ede57196f7a2d2d5e26e2fbc1c9f']
b9f965de120b5278ac84a7e98aecb32aafde4c16,['cbbaa93ae09bf5cf643263faf78f99315c4f3a8d']
c82961be0fbd56dde68fe49965b5c6ee976ba73e,['b9f965de120b5278ac84a7e98aecb32aafde4c16']
f96d0a358529c4a49eadbb21c2423887dceb1141,['c82961be0fbd56dde68fe49965b5c6ee976ba73e']
93872b58e50eb6ecf65544cc9e8aea5a4988e19b,['f96d0a358529c4a49eadbb21c2423887dceb1141']
2d4097840c29116e9b000c158ce841d27863ad6e,['93872b58e50eb6ecf65544cc9e8aea5a4988e19b']
f6c28639005f46bc171a9a990e2ad4d7afb4ce73,['0ba7078ef4ee127a47c5042c82db0b113a967b23']
c9db06f2e4d1c1f71f021d5070323f9fc194cdd7,['f6c28639005f46bc171a9a990e2ad4d7afb4ce73']
d94621a0cd33c01e1c2765d49d20b4438022e20c,['c9db06f2e4d1c1f71f021d5070323f9fc194cdd7']
93c1b4b25a822364d3a8979c6de026d5984177b1,"['2d4097840c29116e9b000c158ce841d27863ad6e', 'a7d444d002c664208669ec6ddf3bcb1db71e3741']"
ad1cd71b10a3eef38db7bf02fca773f02e725b87,['93c1b4b25a822364d3a8979c6de026d5984177b1']
9a4030e0e84a688c12daa21fe9a165808c3eca70,['d94621a0cd33c01e1c2765d49d20b4438022e20c']
6f8ee865debd830d2b800de88dd150fc049d1e42,['9a4030e0e84a688c12daa21fe9a165808c3eca70']
d2737575ad52137d870c62a3bd7a8dcf83b189ac,['6f8ee865debd830d2b800de88dd150fc049d1e42']
bc0aff27a4b781b3af9603251b7e09b43e66368c,['ad1cd71b10a3eef38db7bf02fca773f02e725b87']
25116c26fd9b998025fa28666ae45ab03a995d91,['bc0aff27a4b781b3af9603251b7e09b43e66368c']
90d6d55a4bef8d5ebc130fe0be870652798d4ef6,"['25116c26fd9b998025fa28666ae45ab03a995d91', '43f17f6e10e2be92af4f36d3802dae53497e44da']"
686e13db2fdb1cb7b8d0cc55a677b25df420156d,['90d6d55a4bef8d5ebc130fe0be870652798d4ef6']
12bf674e8eeae15ff9ad86dccd91ef644ab52775,"['d2737575ad52137d870c62a3bd7a8dcf83b189ac', '3052ad1f0069af5caee621374b29d17d7f12ab51']"
d08b1af26a56b096c7087b46a3ccd4417f4cc7ef,['12bf674e8eeae15ff9ad86dccd91ef644ab52775']
35a145d92f6b8513924616cca2a08e569333cfb2,['d08b1af26a56b096c7087b46a3ccd4417f4cc7ef']
d79868d3e5abb8d4f9e7a22fe681946fc263ab33,['35a145d92f6b8513924616cca2a08e569333cfb2']
2fd41b3b429775a7151e84d971f593d99ef8de14,['d79868d3e5abb8d4f9e7a22fe681946fc263ab33']
2f4e2c607e64d3b80f00ed33e7fec6ade7beca47,"['2fd41b3b429775a7151e84d971f593d99ef8de14', '8767a37b9bd589286871be1272ee72fb331a31ad']"
397835acdf66cf48ebdbc256aa15b6660181c339,['686e13db2fdb1cb7b8d0cc55a677b25df420156d']
00d318378e4b43d36be91b29ae3ef8a879a81e1e,['397835acdf66cf48ebdbc256aa15b6660181c339']
7856221d4a4701565bb21259d839c8c402e72f49,['00d318378e4b43d36be91b29ae3ef8a879a81e1e']
52c5b8ea9ff2876a047174f50f251c87c71c21c9,['2f4e2c607e64d3b80f00ed33e7fec6ade7beca47']
b71d3868908a49c1b2e353afea795a76dfb20f7d,['7856221d4a4701565bb21259d839c8c402e72f49']
89bd14913aa5f00506a610ca325db495372c4c87,['52c5b8ea9ff2876a047174f50f251c87c71c21c9']
fe3584aadfc7839abcd03239e4d07afd12b8b90f,['b71d3868908a49c1b2e353afea795a76dfb20f7d']
d12f465c674b3bb5102671b6d6c2746261602d7e,['89bd14913aa5f00506a610ca325db495372c4c87']
797465820befb30a3f7ff1eeb9561208674b8973,"['d12f465c674b3bb5102671b6d6c2746261602d7e', '345bcee0664392323b4297c0797897a96fef8958']"
4e74c52e60213a8ddceb53bb3cc40221c65d8bf3,['797465820befb30a3f7ff1eeb9561208674b8973']
f5ab88b5b71dadf88f02c0810f63955ac90436a0,['4e74c52e60213a8ddceb53bb3cc40221c65d8bf3']
74d1e5c302313716bc5e515c53a99f86903b1517,"['fe3584aadfc7839abcd03239e4d07afd12b8b90f', '2e9e7601e162cc8b7ea787a354d915b6003759d7']"
bb80f2fb29d6f58d9c35f4a1fd88c99517f43e16,['74d1e5c302313716bc5e515c53a99f86903b1517']
554774c6d111d90082791b400d068cc90d5ca604,['f5ab88b5b71dadf88f02c0810f63955ac90436a0']
c0e16efe91a5de374a55e272ee97d568def60b6b,['554774c6d111d90082791b400d068cc90d5ca604']
12e8ba804f9454d9bb07099e35ce7ef63c0d4e1e,['bb80f2fb29d6f58d9c35f4a1fd88c99517f43e16']
569d63d36cfc1744288b9ad756c0ff7d762f1549,"['12e8ba804f9454d9bb07099e35ce7ef63c0d4e1e', '539153a6798a667d39f20972c5ae0936060e2cc1']"
a3bf2083867db5d848ea14f145d120f02b820af2,['569d63d36cfc1744288b9ad756c0ff7d762f1549']
5988208b7d2fa3c0378f17fe67ada99a25342829,['a3bf2083867db5d848ea14f145d120f02b820af2']
66ea187228c899cadf23d10c7032c8efe1aa0df4,['5988208b7d2fa3c0378f17fe67ada99a25342829']
6f4fe09687f9d13e3e552eaaa012399a5bf246d3,['66ea187228c899cadf23d10c7032c8efe1aa0df4']
f352b4ce0c29d84bf96760f76643c11ba4a67ef5,"['6f4fe09687f9d13e3e552eaaa012399a5bf246d3', '3e0bc281c8d4f585255cc6dfe723421abb1b201d']"
dcd27ff778e69c8dc55036933647105c93a32a8e,"['c0e16efe91a5de374a55e272ee97d568def60b6b', '63846842999cd0a452eef99d22eda7c578996169']"
2372e394dd99d69d396327d5a5e172953a8b8c6a,['f352b4ce0c29d84bf96760f76643c11ba4a67ef5']
2710e961e564bdde6b6c58635b957e15292d3b95,['2372e394dd99d69d396327d5a5e172953a8b8c6a']
40df526bd32de251958e00402b3552b57b65e35c,"['2710e961e564bdde6b6c58635b957e15292d3b95', '71a57ded39a605166d616fe68f36017cdb0abe3e']"
e7db60fbfcc222b32d610ffd912683494674ad2f,['40df526bd32de251958e00402b3552b57b65e35c']
24d96cbcdb80a2de4ada7aa70056a481da24fcc5,['e7db60fbfcc222b32d610ffd912683494674ad2f']
3d46863e12824103306902bbe62ee1f1535bd2a7,['dcd27ff778e69c8dc55036933647105c93a32a8e']
4f7d921324c7fa9623c34688e3f2aa57fbfcb8b3,['24d96cbcdb80a2de4ada7aa70056a481da24fcc5']
afe77ce53d3cf203690aa419e377f26cbd45a96e,['4f7d921324c7fa9623c34688e3f2aa57fbfcb8b3']
1132f51a9cd81bf3f5c1864d53efdda16a271300,['3d46863e12824103306902bbe62ee1f1535bd2a7']
fa8bafbd4673d385498e81874e58cd0eafad3d22,"['afe77ce53d3cf203690aa419e377f26cbd45a96e', '6e72c6731aa547e21d9034ad36789fcaa724bd2b']"
aa92072b54e308e74b082329bedef49af3d79e16,['1132f51a9cd81bf3f5c1864d53efdda16a271300']
27e158362c6e0147f375ea3d73ff87d886ce6575,['aa92072b54e308e74b082329bedef49af3d79e16']
02e6b72ae148fc8c2ba02ef624536b9e48997b31,['fa8bafbd4673d385498e81874e58cd0eafad3d22']
d42d0860cb670c8284bb298029cd6f8f59db9510,['02e6b72ae148fc8c2ba02ef624536b9e48997b31']
d9e2514d21c2ae356ee7fe8d4a857748b5defa4c,['d42d0860cb670c8284bb298029cd6f8f59db9510']
a9f6a27e9372436f91ae9a9392528bb02801b5bb,"['d9e2514d21c2ae356ee7fe8d4a857748b5defa4c', '461e614a3aa11372d18537028aa217a9d79527af']"
3a417cbf1d4bfc249f1f9fbd3c2b792c5e78bf5f,['27e158362c6e0147f375ea3d73ff87d886ce6575']
f61581501aa774fd67cf1ac72693ee88285e87e1,"['3a417cbf1d4bfc249f1f9fbd3c2b792c5e78bf5f', '461e614a3aa11372d18537028aa217a9d79527af']"
14eaab677821a5d2686b293c4806305e0a331a1e,['a9f6a27e9372436f91ae9a9392528bb02801b5bb']
fac3883188d9c4f1fe188d98f88cb3c83b243bbd,['14eaab677821a5d2686b293c4806305e0a331a1e']
f29fa9e820e25730d00a1a00c51c6f11028fb5a7,['fac3883188d9c4f1fe188d98f88cb3c83b243bbd']
89d05b53d9b35b9d69a800aa2d570a29043f6095,"['f29fa9e820e25730d00a1a00c51c6f11028fb5a7', '567ab4335f8ded3c03bdb0ada59fef4da6a36289']"
0deff1727ec4c82bc8babb63e6422be3fcd076f1,['89d05b53d9b35b9d69a800aa2d570a29043f6095']
5ddbbd9d65b01389f44d6c0bec6f33833e603e18,['0deff1727ec4c82bc8babb63e6422be3fcd076f1']
d8ccf4e521b17828e10b7b262a3d30319f3b5e58,['5ddbbd9d65b01389f44d6c0bec6f33833e603e18']
59e968a114dfe1b513f31424211116f23525def8,['d8ccf4e521b17828e10b7b262a3d30319f3b5e58']
aa82b03823d809fb70cc3d420570ef20e3368bdf,"['59e968a114dfe1b513f31424211116f23525def8', '63522b322459a4a4e0868e49b2fb326696c6bbc0']"
e2a618e1cc3fb99115547af6540932860dc6766e,['aa82b03823d809fb70cc3d420570ef20e3368bdf']
c7cf85ccb4ff2f58839e113f1baf903a468b606d,['e2a618e1cc3fb99115547af6540932860dc6766e']
b1333e5b561d01a010e2e1311e8501879f377bdc,['c7cf85ccb4ff2f58839e113f1baf903a468b606d']
3145cf1ab29cc3096af219a88e71c435f9644ff0,"['b1333e5b561d01a010e2e1311e8501879f377bdc', '96fc01fbc2281708f2e3e4c6327dda788dd2ad3b']"
8d95784bf1a7fcf473fd5a9fed0140521a92a968,['3145cf1ab29cc3096af219a88e71c435f9644ff0']
82230367baf2d87855ec6ccf4a1ecd0c177b05f3,"['8d95784bf1a7fcf473fd5a9fed0140521a92a968', '4909821aa97f5c1343db5c2d9b200853eb05ec77']"
d32fb8a62b323a21228d864ce0e859464fb1f160,['82230367baf2d87855ec6ccf4a1ecd0c177b05f3']
43f8d0b9c9e209eb503451613c2f8d3fed07c203,['d32fb8a62b323a21228d864ce0e859464fb1f160']
f35cd45811cdeca7569c57349d886cc6a889aa3c,"['43f8d0b9c9e209eb503451613c2f8d3fed07c203', '9daa958c5a69d5577e742fad94167e713abf688f']"
3b3ea5c4220e674064c7603a449f63904c10bac1,['f35cd45811cdeca7569c57349d886cc6a889aa3c']
719c313be12be3afd83b97a5a13dd0585c7f5819,['3b3ea5c4220e674064c7603a449f63904c10bac1']
b8f3133e04c6e2df6b8876e139d1b7c888647b9f,['719c313be12be3afd83b97a5a13dd0585c7f5819']
77f7bfa9ef099297a741b7c949cd282cfdaf601c,['b8f3133e04c6e2df6b8876e139d1b7c888647b9f']
a5a66330a82ca3cb1363a0f43b85f9e1e33d620d,"['77f7bfa9ef099297a741b7c949cd282cfdaf601c', 'c2003ab56b39c370678d7f6fe0b7fd3d8a7d0be8']"
9701555899315c94584b24d8717c1d7540a4a491,['a5a66330a82ca3cb1363a0f43b85f9e1e33d620d']
ca7c588185cbc982c7929e743535bf4fcab41beb,['9701555899315c94584b24d8717c1d7540a4a491']
993a76f2dd1ca75194b857f01bebba548b963318,['ca7c588185cbc982c7929e743535bf4fcab41beb']
698e3f8ae57f1a587b4f06711990cd1f0eff4ef5,"['993a76f2dd1ca75194b857f01bebba548b963318', '1186572389a6dd35deb335fdd7056fd10d3de359']"
cc2f96f655d0fd4121125fc801056571f4a20a2a,['698e3f8ae57f1a587b4f06711990cd1f0eff4ef5']
694a6721316aea14c1244447974231abc8dff0cb,['f61581501aa774fd67cf1ac72693ee88285e87e1']
25aab4203c465403ae0c4ad62ec948094e023489,['cc2f96f655d0fd4121125fc801056571f4a20a2a']
bbb24fbf5d220fbe137d43651ba3802a9806b1a3,['694a6721316aea14c1244447974231abc8dff0cb']
f5bbc2d950a27d06ad6538e9be767e2e6ba26a23,"['25aab4203c465403ae0c4ad62ec948094e023489', '2fd56e33b4171c73491f58b2eeb21ef1d8eaa67a']"
9602869d19a323cdb9396cb52ba9bd818d21a7a9,['f5bbc2d950a27d06ad6538e9be767e2e6ba26a23']
8ee6ecaea461fd872bd92c7c728dd69a43e8909d,['9602869d19a323cdb9396cb52ba9bd818d21a7a9']
c45c8ee720fe4aff918d83972d57764a83f2891d,"['bbb24fbf5d220fbe137d43651ba3802a9806b1a3', '01aabf73639785a29d1651f2e268cec04a8b9b94']"
1096917649fd951be633e5619518764f23cca645,['8ee6ecaea461fd872bd92c7c728dd69a43e8909d']
ca848beb533790ae8abb6498f5d4676594fbae4c,['1096917649fd951be633e5619518764f23cca645']
07d7d92179a13ebaec341ffb35d17a1c524fa8b0,"['ca848beb533790ae8abb6498f5d4676594fbae4c', '0836d68abf58258b5cd1937355b52dd0135cbc2a']"
3209d4a3c4d4c227ca50bbcd1ab3e939beceec35,"['07d7d92179a13ebaec341ffb35d17a1c524fa8b0', '4edf48c7adcf71b11c14bab68938409192d87a7a']"
4c00514ede4e7e028b18f76a9b8edfedab8631d4,['3209d4a3c4d4c227ca50bbcd1ab3e939beceec35']
b7aaa1b74cad0b5ccaf114076a571215a63cdc09,"['c45c8ee720fe4aff918d83972d57764a83f2891d', '5e94420456ddd756e80512753a6575506ebef05e']"
801b484f9787b7c70e146aa82f9131a9ee473fed,"['242028a3fb887708dea5ef557c0ded22e014ac7d', 'b7aaa1b74cad0b5ccaf114076a571215a63cdc09']"
9c6a7bebe23ffb85d7fd95607f3b7bb4fe82dbe4,['4c00514ede4e7e028b18f76a9b8edfedab8631d4']
0f78c50ea7f25515f43a7570fe67a6604e8772ad,['9c6a7bebe23ffb85d7fd95607f3b7bb4fe82dbe4']
bf807063bc841721d7de027e53fdedca2c3068c1,"['0f78c50ea7f25515f43a7570fe67a6604e8772ad', '108e0e0953493dd17a1d50314c9ac82e44280a00']"
d13f6ebe20aaf5ec31c4298db3e2e761f72e906e,['bf807063bc841721d7de027e53fdedca2c3068c1']
6bda1f20ad396918edde211f709f5819a361b51e,['d13f6ebe20aaf5ec31c4298db3e2e761f72e906e']
38bd7061c1a8408b74ed619b25f948cd3cd85d7a,['6bda1f20ad396918edde211f709f5819a361b51e']
9280468b1acfa346250d0212b5cb7486dc83705c,['38bd7061c1a8408b74ed619b25f948cd3cd85d7a']
2186912ff942aeb28e514fb207f5ce1e8bdae367,"['9280468b1acfa346250d0212b5cb7486dc83705c', 'd090a3b60027d90a02b0bef40c69e12db42a4a94']"
0ad27ad3e3f8de83cb4bb7330d69ea1cb6ea1663,['2186912ff942aeb28e514fb207f5ce1e8bdae367']
419fd3999c651099272a2ae0ee241bd199165608,['0ad27ad3e3f8de83cb4bb7330d69ea1cb6ea1663']
9ab8fa36f29876f118de5f56e9453c4a8bf14158,['419fd3999c651099272a2ae0ee241bd199165608']
b10f1d36d6a60bfc77f0edf32bdc7448747f284b,"['9ab8fa36f29876f118de5f56e9453c4a8bf14158', 'e222d1e783c5fe1f3377d29d82c6b15ce2ad9a46']"
9af0babe7ef9c4bc956b77aac250f8eee6c8450f,"['b10f1d36d6a60bfc77f0edf32bdc7448747f284b', 'febc52be37474cad39a871bd953fd0014ec4a3ab']"
0b101bd7e875ee5597ddb8f0d887159076310ffa,['9af0babe7ef9c4bc956b77aac250f8eee6c8450f']
27b3f84fe58530caa2eac18e924da7de4c859578,"['0b101bd7e875ee5597ddb8f0d887159076310ffa', 'a91067fc5e3e4e0d619d29c500297a960b586153']"
cb229db4bd9d26d6d98bef57ce9d6a94d0977594,['27b3f84fe58530caa2eac18e924da7de4c859578']
43bdc22e9207a74678665de5f109dd7e56fe979a,['cb229db4bd9d26d6d98bef57ce9d6a94d0977594']
92e0416ced279a910616985bf11fa3f8b1b1de9b,['43bdc22e9207a74678665de5f109dd7e56fe979a']
10a2d82b45353ed3dbaa19d87c7e887c0afa2c57,['92e0416ced279a910616985bf11fa3f8b1b1de9b']
aa7dd50c6605a7c52af467640a6503e73ba20ce3,"['10a2d82b45353ed3dbaa19d87c7e887c0afa2c57', '009af54d5192c822ba1299c1389e67266dfe7ad1']"
65752c09ab4c070fbb7013c785d0db1dccd55d8f,['aa7dd50c6605a7c52af467640a6503e73ba20ce3']
3a812e9f3ae66cfa525faceb5af9085a4cc37232,['65752c09ab4c070fbb7013c785d0db1dccd55d8f']
5f1e3b561a24c05537561a058a44eaa2d3408d67,"['3a812e9f3ae66cfa525faceb5af9085a4cc37232', '4c662fd3fe07f3588a105eec1ebf90dbf2f365d6']"
0fa5cad0b27780c27a284c23101b1099d4886506,['5f1e3b561a24c05537561a058a44eaa2d3408d67']
e8b64d3851ac03ff8dca383a418b9e61a548eed1,['0fa5cad0b27780c27a284c23101b1099d4886506']
745bfa031174ad9563c01e4c33fa63afabe69b83,['e8b64d3851ac03ff8dca383a418b9e61a548eed1']
36f43dcb4fad97f63fa53c5f7189be15c447b85b,['745bfa031174ad9563c01e4c33fa63afabe69b83']
a259e0ba79dbae55e4faf99e457949e95b9b24ef,"['36f43dcb4fad97f63fa53c5f7189be15c447b85b', '06fb184d4d0278cfb57df70ec3c264ec3e8886eb']"
43ac0739ce63c14c6eb8ad86cdb73b69ebdff6cd,['a259e0ba79dbae55e4faf99e457949e95b9b24ef']
76b80b48ec3850a2873c2f1e5f319150bf3ccd03,['43ac0739ce63c14c6eb8ad86cdb73b69ebdff6cd']
fa500825fab5fcdba20cb2b940c9ee94ccdfa1dd,['76b80b48ec3850a2873c2f1e5f319150bf3ccd03']
9da386584142df9bcc335843674e0d7a905f2230,['fa500825fab5fcdba20cb2b940c9ee94ccdfa1dd']
5d2ffde68e2c14ee33fa2ba4a34cb42fbd14b5ec,['95fa3e82e4871c1058aea5272681fc38245c99f9']
d2495d553f8ca4af64fa70224ac96d2c3604600e,['5d2ffde68e2c14ee33fa2ba4a34cb42fbd14b5ec']
a5ae562d700a668ed5acc2c148f8cca459a9c9f7,['9da386584142df9bcc335843674e0d7a905f2230']
60341dae1922c37acadc8629bff7443a6a0871cb,"['a5ae562d700a668ed5acc2c148f8cca459a9c9f7', '75b4231a8cf7c7d569111d3014d45585caad99e9']"
5276f4e04dbeabe4dbcddafaa1cd386b912f6345,['60341dae1922c37acadc8629bff7443a6a0871cb']
884cbb681a32c1d25e1ad0e3e6f16573d6d314eb,['5276f4e04dbeabe4dbcddafaa1cd386b912f6345']
e097f8404b3ffbad5322e0f8381a0b9958c5b589,['884cbb681a32c1d25e1ad0e3e6f16573d6d314eb']
3a3e0f573129c8308332d4b301a9319ee579d85a,['e097f8404b3ffbad5322e0f8381a0b9958c5b589']
2542d69d65544bab75052a0b9c97a720f3c80cd5,['bfef63719d04a25d8105f82e24a77f5d66c30f58']
7e7d99e90584b18797c9adbb6536c3b9323d7fb3,['2542d69d65544bab75052a0b9c97a720f3c80cd5']
98c0421fbfb8dcb123aad2a9077d1f0e5390b5ce,['3a3e0f573129c8308332d4b301a9319ee579d85a']
faca77f227a52907ed278014c3a6f65f0a3e0ea1,"['98c0421fbfb8dcb123aad2a9077d1f0e5390b5ce', '7e7d99e90584b18797c9adbb6536c3b9323d7fb3']"
7c14f1557b6097c193a22f4b690de6e602d311b5,['faca77f227a52907ed278014c3a6f65f0a3e0ea1']
72d783374c1e302492d7ce537222b563241038bb,['7c14f1557b6097c193a22f4b690de6e602d311b5']
424b270c94297b00a850e7a821163b9802edc7ae,['72d783374c1e302492d7ce537222b563241038bb']
0aab1ef9962314eb7a44140f35eb04c5f847765b,['424b270c94297b00a850e7a821163b9802edc7ae']
98b416f5ac53d46d31c7f68013762ea5f5e257e1,['0aab1ef9962314eb7a44140f35eb04c5f847765b']
393188c445b2fe2c8c674dc982a6ce1070f7d17d,"['98b416f5ac53d46d31c7f68013762ea5f5e257e1', '92b7165a71656468f17ce8b760ce11e648932f0e']"
41312abe841e9be79f3dba0957bc7261c880cf8f,['393188c445b2fe2c8c674dc982a6ce1070f7d17d']
08ec505d6b98f9ac9d77f1e848d3cf36d9f4a68c,['41312abe841e9be79f3dba0957bc7261c880cf8f']
37d6f14560b5db6732fec95a083e442a4aec2822,"['08ec505d6b98f9ac9d77f1e848d3cf36d9f4a68c', '8888d3fc49dddb1e7bafabf4a1a01b5ff5e5cd19']"
59801391400f3fa0ed1f029b7af75627d3288f22,['37d6f14560b5db6732fec95a083e442a4aec2822']
3ecf94e2b7ea122ccd998dddd991c95831026e2e,"['59801391400f3fa0ed1f029b7af75627d3288f22', 'f19465f72f57a3226725fc62f8f5711c95147f32']"
6012f6797730343cf8bdd6d354eda71543a8afd4,"['f19465f72f57a3226725fc62f8f5711c95147f32', '3ecf94e2b7ea122ccd998dddd991c95831026e2e']"
a18fd620d070cf8e84aaf80d93807ac9ee207a0f,['6012f6797730343cf8bdd6d354eda71543a8afd4']
742707d62133f4a741d25d396c7e95c57ace1153,['a18fd620d070cf8e84aaf80d93807ac9ee207a0f']
2245fcc8c5c45f56db44be24a050dba3b11839c6,['065747efabd1cbea9b14e93e905e304b9973d355']
37f587563a943a827fbff865f5302bac6d202415,['05fd0a706aedfb83222a48e4cd110b1897c4b3c5']
5428bfbf53d264cc3c67b39b94c30a93cc4578c3,['33fe54a25f04673048f0f0db4abaa42535f043ec']
da8e962e39bd41b73b53966826c82e741b08010b,['85f0efb68f9d1d9ee3466e3939c4fc2f985ccf61']
c1314eb2a382bd9ce045a2fcc4a9e5c1fc368a24,['74906216fefcc6016602f2a0db9568b518322982']
6ab50f8c3cd381af277afa8cc191a0e013e19da2,['dc119ef7da055d4f5d19367bba6454511129a89a']
440481489d49fc2885acd36542f11630870818f4,['390d689816e7166ad3e823a5610ccff2147087a6']
2a4031940c6ffe16f38164316305ff531142aff3,['6ab50f8c3cd381af277afa8cc191a0e013e19da2']
52ccc6c6d539d0587c3fd9693709bd1f6e12619d,['2a4031940c6ffe16f38164316305ff531142aff3']
70527c875456ca0fba49e88c576083c45a9ba2a6,"['52ccc6c6d539d0587c3fd9693709bd1f6e12619d', 'd61827c9a894654b5e92b1629dae5fbb07e74283']"
dccdedca5b839c013dd887221ac614d53b11b337,['2bea314456c328f5905ed0474bd4d2d4beae5437']
dd00bb71aaccb5996edeb5fdd95b692ecf843a2a,"['70527c875456ca0fba49e88c576083c45a9ba2a6', '49a892056df7d73207f7a65ae5b4b905ba5e6ab8']"
67f86baab0c8a95d6ae5d1f431fa06764e46c79d,['dd00bb71aaccb5996edeb5fdd95b692ecf843a2a']
a99edd1f403486f084f719a0647a9b7204bbc439,['67f86baab0c8a95d6ae5d1f431fa06764e46c79d']
075995a2011b20c0319536a196ec24e826c43a14,"['dccdedca5b839c013dd887221ac614d53b11b337', '782191f1ba27e0ff0acf3c6cf8a88df00274d308']"
5e27288c1e553eb98f605ef60f7357b39a11eac1,['075995a2011b20c0319536a196ec24e826c43a14']
6f699e8ea5d8a48c3daaf8dffa2292ce0524cfdb,['5e27288c1e553eb98f605ef60f7357b39a11eac1']
920b4cc06f1bc15809902bdd1968cc434a694a08,['a99edd1f403486f084f719a0647a9b7204bbc439']
c41df254fe88bd9a46c24c08e6530cccc28110b0,"['6f699e8ea5d8a48c3daaf8dffa2292ce0524cfdb', 'e588ffe3c09c74c94eb6bfc3071310191fbf9e1f']"
b992219fa13ccee2b417d91222fd0c3e8c3ffe11,['920b4cc06f1bc15809902bdd1968cc434a694a08']
73d14311bc847a29c2b8ec30bbfbaf59cd3cb713,['c41df254fe88bd9a46c24c08e6530cccc28110b0']
395f0ae56782777024590796a6ecd7c0f6aa5180,['73d14311bc847a29c2b8ec30bbfbaf59cd3cb713']
8a9db6782e789ef5a08c2d03d292828a212b3f0c,"['395f0ae56782777024590796a6ecd7c0f6aa5180', '5adba5597ce071c2e84d0c9834e1d9e5e76f9bdb']"
5d9d702607913685eab0d8ad077040ddc82bf085,['8a9db6782e789ef5a08c2d03d292828a212b3f0c']
b305f1ff081bf6fed2abf7f5115af9fbee2f00f7,['5d9d702607913685eab0d8ad077040ddc82bf085']
fc14a92c6b46cc435a8f33e6fa0512c70caa06e0,['b992219fa13ccee2b417d91222fd0c3e8c3ffe11']
f7e3bc553d770ea340ac6ed8ed95e5bd1ebf7383,['b305f1ff081bf6fed2abf7f5115af9fbee2f00f7']
3f070e83b1f4e0211ece8c0ab508a61188ad352a,['f7e3bc553d770ea340ac6ed8ed95e5bd1ebf7383']
336c0344f5fbcbe1b230742af7a38c6b4735bc9e,"['3f070e83b1f4e0211ece8c0ab508a61188ad352a', 'eef32121d1d81076fd7e49ae65af03d1a6837dca']"
fde0e615f26a1e237246383ca49c1445ff5719ae,['fc14a92c6b46cc435a8f33e6fa0512c70caa06e0']
97b7267977ef42201e5844df49bc37ec3d10ce16,['fde0e615f26a1e237246383ca49c1445ff5719ae']
ec57e3019f47dd2f88da0743d61dc9decb010c43,"['336c0344f5fbcbe1b230742af7a38c6b4735bc9e', 'eb484bb5629e57c97192b6794f30c1fbb290b6ee']"
f353769d0c0f3978dd3f172d8afae9290f57c02a,"['ec57e3019f47dd2f88da0743d61dc9decb010c43', '2d525510b42457dd4b519a0d4e49cac4ffe48a6f']"
d56d0b46e1b82ae068083ddb99872d314684dc82,['97b7267977ef42201e5844df49bc37ec3d10ce16']
bbce64c8c5d4cd383da345848fb0ac995a468bc2,"['f353769d0c0f3978dd3f172d8afae9290f57c02a', '8aea748ec37b8e66c222f704eacedb47d9c73cfd']"
f41f8b8842c3f26d19f7fa928070c7c07f760e4c,['d56d0b46e1b82ae068083ddb99872d314684dc82']
7a74ca3694f60825e5142dfa2c3d524cbd84725e,['f41f8b8842c3f26d19f7fa928070c7c07f760e4c']
282be1b38e5cd141ed7e2b2194bfb67a7c2f7f15,['bbce64c8c5d4cd383da345848fb0ac995a468bc2']
3a9cd79e9ddd5a9499e28633ccccdc9eef22b813,['7a74ca3694f60825e5142dfa2c3d524cbd84725e']
23bf148a2f5c1fb092eadf42edecd14cec2a2379,"['282be1b38e5cd141ed7e2b2194bfb67a7c2f7f15', 'bcb865314f8ce89fc03a3e3de487fb6d75ddddd8']"
613979c8fdacf25fd563395ecc399c4de94d3ee7,['75c31df9dd1d9435aec4cc245e1e58ca326e6159']
b2976af14034c6e2a7e9964535b9f363bfc31150,['23bf148a2f5c1fb092eadf42edecd14cec2a2379']
02e0e158a26f81ce8375426ba0ea56db09ee36be,['3a9cd79e9ddd5a9499e28633ccccdc9eef22b813']
2f8297215fff6f30739f266e4f64713adb95d0c2,['02e0e158a26f81ce8375426ba0ea56db09ee36be']
1a1f49fa4f1696712b921e7b499d602292e10279,['2f8297215fff6f30739f266e4f64713adb95d0c2']
06eb46eda3a3b2e29667e3c1335df19fb681609e,"['b2976af14034c6e2a7e9964535b9f363bfc31150', '1260d598d352a00e51b27d44e6c77e73fa18b1a4']"
40eb94ade3161d93e7a762a839004748f6d0ae89,['1a1f49fa4f1696712b921e7b499d602292e10279']
50af34f778f9fde11ef5d209a1ba5a432cc9b48a,['40eb94ade3161d93e7a762a839004748f6d0ae89']
959635f0e73b5332a0d505f516bc3233c32e050c,"['06eb46eda3a3b2e29667e3c1335df19fb681609e', 'd01caeee77f4ea00173db7f20a945f6cbfd0c9f7']"
68ec07cadef3b01db8ed668ea589774eb38417c0,['50af34f778f9fde11ef5d209a1ba5a432cc9b48a']
85c203602993a946fb5f41eadf1cf1484a0ce686,['68ec07cadef3b01db8ed668ea589774eb38417c0']
3e3a454bd29f01c87df55041ff155b024ab5e702,"['959635f0e73b5332a0d505f516bc3233c32e050c', 'ead3dcc3dea0d5b6d3248c1e1a6300f0714a8456']"
0398943572e052bef2c21466871b833950625d82,"['3e3a454bd29f01c87df55041ff155b024ab5e702', 'f98c343c7f11c165bcc0f7cdbaa2a3998b12cfd2']"
abf09f090f77a7e54e331b7a07354e7926b60dc9,['0398943572e052bef2c21466871b833950625d82']
e202d4d1548a0be2f5c61ff82be8b52bd0cfce04,['85c203602993a946fb5f41eadf1cf1484a0ce686']
a80b826eef42908058805cdd595a88cc85f38ff7,"['abf09f090f77a7e54e331b7a07354e7926b60dc9', 'f7eb75fa89da3c292f4468393ac5f534da929b0d']"
aae86e4f3f415a45833498a9e720247c0307d9f1,"['e202d4d1548a0be2f5c61ff82be8b52bd0cfce04', 'f152a7e788013249b4782edf08b4b47dbef71036']"
eb9f1b670726e1af03f2e940ce2696b880964972,['a80b826eef42908058805cdd595a88cc85f38ff7']
a0d9a155a4a4258f628e927e096ecf6673f788ec,['aae86e4f3f415a45833498a9e720247c0307d9f1']
552e081a071ec46221b7773ec8e60483bdebc539,['a0d9a155a4a4258f628e927e096ecf6673f788ec']
4551da302d94cffea0313eac79479ab6f9b7cb34,['eb9f1b670726e1af03f2e940ce2696b880964972']
5133d78c1ae984f7aaa4f91fd529c3bb5cc45bb6,"['4551da302d94cffea0313eac79479ab6f9b7cb34', '9f6cf60ae04360ffa9202d0b34ccc29d41faaa3c']"
114aa229ded91da16ac489c2d264ea4f458c63a7,"['5133d78c1ae984f7aaa4f91fd529c3bb5cc45bb6', '28e3d09230971b32f74284311931525cb7ad1b7c']"
9a361c5821508435b6aabd6640940341902719a1,['552e081a071ec46221b7773ec8e60483bdebc539']
c6d09d8c0c1801d41f3d8450f9836115aca7d1a3,['114aa229ded91da16ac489c2d264ea4f458c63a7']
77856140f471dde92b4544e6ce3ab77a4fb92104,"['c6d09d8c0c1801d41f3d8450f9836115aca7d1a3', 'fb48b6cdc9d9314bc8af388a42a4a22755c72651']"
8f17d645273a30f829bf16f22d8a7c6a9710d627,['9a361c5821508435b6aabd6640940341902719a1']
8062d8c23925d4e78633a3799d64c2fa9621066f,"['77856140f471dde92b4544e6ce3ab77a4fb92104', 'cf3d8b228695cfb6d1943460524f86973ace0bf1']"
46099ce7f1a1d5aab85d9408dc1454fcbe54f7e8,['8062d8c23925d4e78633a3799d64c2fa9621066f']
6097044066ede69b8e243dd407f1a60f011092f2,"['46099ce7f1a1d5aab85d9408dc1454fcbe54f7e8', '3caca924bc72fe4a0e5b1ea89adb098cc1eb7874']"
89c147d46f6bc4f8ca78308b76631ac97a79376b,['8f17d645273a30f829bf16f22d8a7c6a9710d627']
6331ff024cf38d30fceff9a42b217afd8780b7a5,"['6097044066ede69b8e243dd407f1a60f011092f2', 'd2e73b27757fc72a21829e58bac1ce04029e7011']"
af1ac9a5e8d8d97a855940d853dd59ab4666f6e2,['89c147d46f6bc4f8ca78308b76631ac97a79376b']
eb2175db1a99348c80457e3ffda172cc461de8bc,['af1ac9a5e8d8d97a855940d853dd59ab4666f6e2']
633b693517ec7882629074d78a55524392d88bd7,['eb2175db1a99348c80457e3ffda172cc461de8bc']
b8f1cf31926dd20caea02f620d93688dad53caa8,['43c7a834dcc6a77d85b5991d584c6d28ddfa6537']
b60e18db743b8933d96384942046ea57e725855d,['633b693517ec7882629074d78a55524392d88bd7']
54801ba4f96322fb98c52ea2184c86b061ea43c5,['b60e18db743b8933d96384942046ea57e725855d']
3fc8792b5c75fca9fc4f6cf4b95fb2927c62e624,['54801ba4f96322fb98c52ea2184c86b061ea43c5']
8111c3af6b06d6a814e235ad90af5860632d2c25,['3fc8792b5c75fca9fc4f6cf4b95fb2927c62e624']
09e9e57a0bdc4ccc963af717d71c352030e6eed9,['8111c3af6b06d6a814e235ad90af5860632d2c25']
15d08c4778350a86d7bae0174aeb48f8d8f61cce,['09e9e57a0bdc4ccc963af717d71c352030e6eed9']
efe545b0c219eeba61ac5259aee4d518beb74316,['15d08c4778350a86d7bae0174aeb48f8d8f61cce']
af89caf9e4ff1b8113737d6b948bb43a42f1b715,['efe545b0c219eeba61ac5259aee4d518beb74316']
2cf5084c322a0fc04bd58d2fda59660a84aa035b,['af89caf9e4ff1b8113737d6b948bb43a42f1b715']
8da82eba1c84f828617a13a6f785a9b6cfc057a5,['2cf5084c322a0fc04bd58d2fda59660a84aa035b']
168b13333728f6e2776ddfb8cb01051bf6052a8c,"['6331ff024cf38d30fceff9a42b217afd8780b7a5', '034039b917f424a59167e068b9e1d5fbe3212751']"
a6076adbefb7e0e5a9bf9dbafdc3ab957944e16b,"['168b13333728f6e2776ddfb8cb01051bf6052a8c', 'dea1b2e84aed0d2e597036f070ae8830f579a498']"
3cc7a38a53c8ae27ef6b2397cddc5d14a378203a,['8da82eba1c84f828617a13a6f785a9b6cfc057a5']
40c97caf1936edf8fbdee3874e70ef0ef2ddda7d,['3cc7a38a53c8ae27ef6b2397cddc5d14a378203a']
34f08944b7c8d58f531a3f3bf3d4ee4cd3fa643a,['40c97caf1936edf8fbdee3874e70ef0ef2ddda7d']
da1f4419e3cd01f1274565c1db84ae500b018274,"['34f08944b7c8d58f531a3f3bf3d4ee4cd3fa643a', '76c49b6e952d0138d7d9a09f866024cce8d45e0d']"
f8d5755a69d7b4f230adbbfd88ea73df7a83b4f0,"['a6076adbefb7e0e5a9bf9dbafdc3ab957944e16b', 'f79cbb9ba68677c5935c1d6e66743942a44f658e']"
dcb0b853332046f8bf5bb02b8ddbba5b3464fe8f,['da1f4419e3cd01f1274565c1db84ae500b018274']
1d96e3601312d771270567482cb0a051be786a21,['dcb0b853332046f8bf5bb02b8ddbba5b3464fe8f']
d61af9781086073152113d97106f708ea1cf6e8c,['1d96e3601312d771270567482cb0a051be786a21']
62f95b003b591cb07076d53a4731e0430ef8e76c,"['f8d5755a69d7b4f230adbbfd88ea73df7a83b4f0', '7fd914880024b59fe6b6fa5b742d73d5bf755256']"
f9c08d02ebe4a5477cf5d753f0d9d48fc6f9fa48,['d61af9781086073152113d97106f708ea1cf6e8c']
69e5f90e9febf37d2cdd69c485729c448ac3cabc,['f9c08d02ebe4a5477cf5d753f0d9d48fc6f9fa48']
12ed24af66538e852026a78602a6a7962cfec830,['62f95b003b591cb07076d53a4731e0430ef8e76c']
40fec97bef8c5a111d2eff9e9cbd6ac01905e66d,['12ed24af66538e852026a78602a6a7962cfec830']
0ebab3a88a5f172a1180f4e88a91cf6194b273ca,['40fec97bef8c5a111d2eff9e9cbd6ac01905e66d']
ef17685f796866ffbcda9f9a0844e65d918ad07c,"['0ebab3a88a5f172a1180f4e88a91cf6194b273ca', 'd45ca49e3d0e267730392bd6ebc7a0d6a159425a']"
b884af72c563403a7264b1a4b42ab58790af72f3,['ef17685f796866ffbcda9f9a0844e65d918ad07c']
01f37e42f050207b7659bf74e2484cf8bdae2d89,['b884af72c563403a7264b1a4b42ab58790af72f3']
f794ef63b1e23952d26c883191b4a21c32c358ed,"['01f37e42f050207b7659bf74e2484cf8bdae2d89', '116b459d2299f933ae028fbcb6d71d338d4d3e94']"
b442fe92fbaeb6bd891b94c50d6086a46d4af4ac,"['f794ef63b1e23952d26c883191b4a21c32c358ed', 'f09c52bb7c0d248e3b5981a705ad9ccd132e8441']"
f39f8c57344ede533ca4363c98230f3a0c401a76,['b442fe92fbaeb6bd891b94c50d6086a46d4af4ac']
4004a42d53b1e21ba8eca4f73f81a8e78c1ff2f0,['69e5f90e9febf37d2cdd69c485729c448ac3cabc']
222dbfe2ceea2cd21b58e23cfc560d5193d4c499,['4004a42d53b1e21ba8eca4f73f81a8e78c1ff2f0']
1fcc24d56aa76a23eed3069caf5ceb263aaffb6d,"['f39f8c57344ede533ca4363c98230f3a0c401a76', 'b3195f1283c4524c32e67640e965b70e96530fcc']"
e87b2a3684c58aa6bc90d51a839a5cc4bc03c25b,"['222dbfe2ceea2cd21b58e23cfc560d5193d4c499', 'b3195f1283c4524c32e67640e965b70e96530fcc']"
dc2ee20aec7b3fe1d13c846926ba1b0f02c5adef,['e87b2a3684c58aa6bc90d51a839a5cc4bc03c25b']
83609cd7fb7ac1ec0e91ce4aa0b17b74e4fcb439,"['dc2ee20aec7b3fe1d13c846926ba1b0f02c5adef', '05f35518f19d48890770128727289582cca3457b']"
ec01db59ce12746281938d8b0f331db72cd4c10a,['1fcc24d56aa76a23eed3069caf5ceb263aaffb6d']
9043a92219149390d81f7443180ff62efc9b4c29,"['ec01db59ce12746281938d8b0f331db72cd4c10a', '05f35518f19d48890770128727289582cca3457b']"
b9d561c548c26d0db4994e6c13c7ebf43705d794,['9043a92219149390d81f7443180ff62efc9b4c29']
67b93d6e250df660385538c674e495975ce7d772,"['b9d561c548c26d0db4994e6c13c7ebf43705d794', '7e820b9965d2bf693a2f0c0c59a7cb23aa6169b3']"
dc0b44a884700cda3665aa04b16d1e3474328e05,['67b93d6e250df660385538c674e495975ce7d772']
1b48f44feb339d94f4920fa5791705e8de34e28e,"['84cec3c805867cf0c880c9ecb9fc220733032bc9', '83609cd7fb7ac1ec0e91ce4aa0b17b74e4fcb439']"
16359ec2c702260256590359636d2ac018e76ce8,"['dc0b44a884700cda3665aa04b16d1e3474328e05', '84cec3c805867cf0c880c9ecb9fc220733032bc9']"
c2495a7bff01df9660d50484cf3c15c1083a70d2,"['16359ec2c702260256590359636d2ac018e76ce8', '1b48f44feb339d94f4920fa5791705e8de34e28e']"
73cf16ce481d505f9c20aa56ab5fec1c6b455eea,"['c2495a7bff01df9660d50484cf3c15c1083a70d2', '03510d00f48137fe4273c3e694e87fc0e660a706']"
4eebf56ccf65a676d7a8c044f3b4f382babd99e6,"['73cf16ce481d505f9c20aa56ab5fec1c6b455eea', '6aeaef92763a1ca8385585ccf0f430490e6c2506']"
2af5083a35037fde1cfd34a8bfa6c8958cb65ff7,['4eebf56ccf65a676d7a8c044f3b4f382babd99e6']
a8910761592b2851212702d96b0648954418d6e5,"['2af5083a35037fde1cfd34a8bfa6c8958cb65ff7', '9f4d4e27fb1760b352cc5b301cd65a50d2d43ff6']"
cbdeba29bdbd5a8c7f6c9063b957de2826536bc5,['a8910761592b2851212702d96b0648954418d6e5']
26a1fda51e325377734c90399850ff3aa44b5bc1,['cbdeba29bdbd5a8c7f6c9063b957de2826536bc5']
7e46025f91e6771d0fd7bc2daa6cb1dbad14251d,"['26a1fda51e325377734c90399850ff3aa44b5bc1', '7abf7e81512918d780e05070c29ee2ba8736f41e']"
9660bfa84c900afd4824feb62d14256584edfb95,['7e46025f91e6771d0fd7bc2daa6cb1dbad14251d']
0091606e2d802e7c59e29745963c50ec0ca54aac,['9660bfa84c900afd4824feb62d14256584edfb95']
1d357365b7f01ec783a8b2a10d270ad33267018e,['0091606e2d802e7c59e29745963c50ec0ca54aac']
d2b7b6589d30f50f86dbef25aeb322f817f037d8,['1d357365b7f01ec783a8b2a10d270ad33267018e']
3e3fea7cd433a77ab2b92a5035ffc4bdea02c6cf,['d2b7b6589d30f50f86dbef25aeb322f817f037d8']
103fd6c6d8e7d008c99489c0ab87d7d48133e4ce,"['3e3fea7cd433a77ab2b92a5035ffc4bdea02c6cf', '6990355e577ad19371cb656c250fb665ed14062f']"
fa5ba6d977520f1faaa97c55a50a22c98b3ee109,['103fd6c6d8e7d008c99489c0ab87d7d48133e4ce']
75777f1626449e9f45e6e4b1daee644c955bbabc,['fa5ba6d977520f1faaa97c55a50a22c98b3ee109']
a604e3b73bad8b699fe8952aa018bb115312e97e,['75777f1626449e9f45e6e4b1daee644c955bbabc']
2af29af098d9313721d1c1612a7fe9b7ec5999cb,"['a604e3b73bad8b699fe8952aa018bb115312e97e', '87dc1b6553e6ef040e9dd7d6da9df79b97e52228']"
06d24efed0fef706a62b508cefc072578460f4c7,['2af29af098d9313721d1c1612a7fe9b7ec5999cb']
6b0611ed24c26ec9428223ae43fc6186374e5148,"['06d24efed0fef706a62b508cefc072578460f4c7', 'f79b3e6b17450e9d34c483046b7437b09dd72016']"
90d1b1b6a49c28d35c60c9ed6fd2f777faaebd81,['6b0611ed24c26ec9428223ae43fc6186374e5148']
fccbb5072cea539ae25a7908ba240e544489f650,"['90d1b1b6a49c28d35c60c9ed6fd2f777faaebd81', '37bc8e0c1446e4842fd846c083b48e3a19970daa']"
907fb15ee8c150e5ecc0560b7374441c57a84122,['fccbb5072cea539ae25a7908ba240e544489f650']
bb5bd30df6361b9ae2b65673c571d5f298e591d5,"['907fb15ee8c150e5ecc0560b7374441c57a84122', 'ec9ec0084eccdd45a8c3e37ef8121fb8bd44ecd0']"
a161ff8f09dfc80bca213858d43bb1690cced09d,['bb5bd30df6361b9ae2b65673c571d5f298e591d5']
26f2bd67f2979b16af3593beb412103d254599c4,['a161ff8f09dfc80bca213858d43bb1690cced09d']
ec5eebc450c54171ac783a20a030a637de1722de,"['26f2bd67f2979b16af3593beb412103d254599c4', 'f10642a8fd9b75385f7814d84557564d9944a2e9']"
e5b3171c3ba07e18d07df2765ded907e28c1b252,['ec5eebc450c54171ac783a20a030a637de1722de']
ba98e8f737a7f4865e6c33753dc7705798f52bf3,"['e5b3171c3ba07e18d07df2765ded907e28c1b252', '9d06631719466679135840d50e55ad62332b3866']"
46cbce9af1272ce0eb6e300f96a1a8d4b08e23e3,['ba98e8f737a7f4865e6c33753dc7705798f52bf3']
d06a782c1e4243e36b486f66e66cdcc91ec6e275,['46cbce9af1272ce0eb6e300f96a1a8d4b08e23e3']
bf9f8511facf1b190e69094d809869fd1da8a913,"['d06a782c1e4243e36b486f66e66cdcc91ec6e275', '744506f34d29fb5f3ccc8d3e7e623599d1a6d923']"
3c591aa442d342bdd4a0c4abe9a43c64d8ef3e65,['744506f34d29fb5f3ccc8d3e7e623599d1a6d923']
ea1c5ea0866fe6cccbae851e3eb8b9fd564258bf,['bf9f8511facf1b190e69094d809869fd1da8a913']
132a8ff7c710dfffd4ea18a3f365726784050ade,"['ea1c5ea0866fe6cccbae851e3eb8b9fd564258bf', '1da81363fac49152ef34d2fcc536935bda0ba990']"
cd768489f373ca101a0bfd285ec9b8695087fc42,['132a8ff7c710dfffd4ea18a3f365726784050ade']
fef8f49c5885ba05dcd73e8a02de7c2be5ec3f0e,['a2200a64175867a1c66cf8338f536ccaaaa36508']
bd5ab41a90b6f602ab02f784e8e75fd3135cc1b5,"['cd768489f373ca101a0bfd285ec9b8695087fc42', 'e3d7ef36ef7dd31b295b1f1d86a1bfa7887ca771']"
3c9cbc689339be5fd0f4519627c1e0bc1b09d6e1,"['bd5ab41a90b6f602ab02f784e8e75fd3135cc1b5', 'b96cc8fdbf016afe7c87903fa5b96e61302588e0']"
59393e016284bf757c166c8e0e5544b8850e07c6,"['3c9cbc689339be5fd0f4519627c1e0bc1b09d6e1', '8caae1d5a65bf082eef9bd03a50fd5025c290406']"
2d9692a36dc3922d3411bff1af02e2f275addd92,['59393e016284bf757c166c8e0e5544b8850e07c6']
75747754d2214b8cf08d42194b4ea03968eb6b87,"['2d9692a36dc3922d3411bff1af02e2f275addd92', 'c131ae39fcc704707e432824b548d1243861c446']"
3cae2ba63fe6f0765d860677a9bd9f1ea158c1c3,['916ab9286b6006571649d21c74d9ae70273a3ddc']
16f7fb80d9c844676a33243bc0cad390655a01b0,"['75747754d2214b8cf08d42194b4ea03968eb6b87', '0a5b0499f38e24574a34fe915be8b60343536228']"
b33ff7b5f267d8d5657d303e61ebeca8292ecf6f,['16f7fb80d9c844676a33243bc0cad390655a01b0']
97acde2d33967f7f870f7dfe96c6b558e6fe324b,['b33ff7b5f267d8d5657d303e61ebeca8292ecf6f']
f48ea1b5167eca4992c3552d5ce408463c1f88cd,"['97acde2d33967f7f870f7dfe96c6b558e6fe324b', '4ef442582555a33a58ca03cd643f3dd46dcc8e61']"
81211123d8c42c1dfd164f3c75d20f117dfc3168,['f48ea1b5167eca4992c3552d5ce408463c1f88cd']
18159be495f96bde4bd4fa2cacb14aafb87e87bc,"['81211123d8c42c1dfd164f3c75d20f117dfc3168', '08d6213083891eb7e1661d1b5f56121161868a9e']"
a1aa1836fb6831c25efe326cdfdc014370cf5957,['18159be495f96bde4bd4fa2cacb14aafb87e87bc']
674d51e62e8337d2f4712326eab99f9c83bb652a,"['a1aa1836fb6831c25efe326cdfdc014370cf5957', '7af12ab207cf6e5e63ccb359e928db7fe2350585']"
b7ce46887b5ca2b89e634ce2cdc476b71be7369c,"['674d51e62e8337d2f4712326eab99f9c83bb652a', '7fe953ed9099efc0c9b964e70c49c57338dada1b']"
00718c2ffaa11cbdabac6f5ef4b2de5dcf9d6859,"['b7ce46887b5ca2b89e634ce2cdc476b71be7369c', '1cdeb83167cdb05db9077d65a9a8440b2aca9bfe']"
43c33491fcfa5155455efd8161cf7a11b3630b2d,"['00718c2ffaa11cbdabac6f5ef4b2de5dcf9d6859', '48fb53bc4966acf42851a54df80f54ab27f8ac70']"
f3cef1c673a05154dcc66fdd9c6c3028d7e56bc4,"['43c33491fcfa5155455efd8161cf7a11b3630b2d', 'ee5351bf22e113d39db3839432bc7d6c743cc736']"
cd083aa80711092e50365e20f0b507551000f915,"['f3cef1c673a05154dcc66fdd9c6c3028d7e56bc4', '9678020e59cf073f74cce70ac57d1f6869349a36']"
c656562556d98323396043421b30cef800c850fd,"['cd083aa80711092e50365e20f0b507551000f915', '8373c4134afef0b7fb08a63b44ef0131faacec00']"
fba994ffe20d387e8ed875e727fc3d93f7097101,['c656562556d98323396043421b30cef800c850fd']
93511259ba1c3df222b6542ad2269f292eb5f442,['fba994ffe20d387e8ed875e727fc3d93f7097101']
d887c6a28699ae79fb1d399c279dd1a3ee9fc171,"['8373c4134afef0b7fb08a63b44ef0131faacec00', '93511259ba1c3df222b6542ad2269f292eb5f442']"
329093ae1bed3e9cfd20fa425bdc60d88a536e51,['d887c6a28699ae79fb1d399c279dd1a3ee9fc171']
991c453ca3ac141a3f286f74af8401f83c38b230,['926a86780d26e87b8919b527d114ed48855b37a7']
5241aa4cdd24b60f74f123e99bab788958186e09,['cbdad3d47150ef01440515128241af6bfd47a3ec']
2de391de9fd60620180da186db369107da06d8d3,['5e09ae1633fb7fcf293ea10e663064e566c70909']
a2edb11b68ae01a44092cb14ac2717a6aad93305,['23b2e43f5d678517e33590d15dec73225b9c5682']
d03acc756094a332f98167426a39db8faf38f450,['3bf2f04baca59ee7c74f13193a569ed1d6f5458e']
beb0d25d2a7ba5004c6aabd105546ba9a9fec9be,['5efc9978ddf35f8f4e194e34a102a729dae69992']
a04cb17540f06d7b7e6fa9f2b0c9723e566f1bc5,['8b63c418913df94c8e99b0ddf3bfc1ed7e98b996']
beb17701d7b18e22632c6e96267a2ed03f384bf7,['8d3ae4e34b71f761854c83b6b2c6ae3116fbc9aa']
2f341414dd4a052bee3907ff4a6db283a15f9d53,['06b504f4a6f7140868042bb82c1118fb3e6cdb8f']
17db74a1c1972392a5aba48a3e0334dcd6c76487,['db5150bef4bae31c1e334eafd77a2e493a232c11']
036af543873429529d01b2222c3b974d9f64a9fc,['17db74a1c1972392a5aba48a3e0334dcd6c76487']
dd049a2f6097da189ccce2f5890a2b9bc77fa73f,['8caeb0af9da019ca2382988e304083a06aeb7d23']
6465b0b55f263c06f4d37800db951adba314a9fd,['dd049a2f6097da189ccce2f5890a2b9bc77fa73f']
15b9077c2d41f59c716582d8f7ae6e334630c0ac,['4b54bd83208d1bf18c8835b0ebab35169db055c0']
ac23a55547716df29b3e25c98a113399e184d9d1,['011b53be7f243646ada1d85c249aaa9ad28bc1df']
22ec67ea6fd15cc88944b1f1889c073b18882f69,['ca8f112d2f422c11c62bb30660b60fb5fb275457']
2ad014a097c0b31e38ece0b7928c3544899b2611,['d18af7edd494ca6de1849da6ee30997c035eb35b']
3b54223c0f32d42a84436c670d80b791a8e9696d,['425616861bd7e801fdcf0a113606ad81015b1861']
70d453602cfd6f2b3f109c5961d2338301fc950f,['6d39525f6b7171db726373106cfda10e47f66d97']
d7200a4b59bac51076432634548c9b5a91e48f17,"['f20d36312681658f12c3fad49a8c0deddfa5f333', '834fccf02b5202176f3c0a5e580c46855ca5d1d5']"
b0f0ef17f07c0140858bcb680f86fbbab3beccb8,['ef32d09030b4cc2674a134e123f784c0364c3f02']
722cc92fa50def1c05e2daaa7c249f4d73eb80d4,"['2e987148e02d0087fc70ce5b1ce571d3324bf1dd', 'c4c9a784114dba503fa49fd5b6f146479a1f3f18']"
d9a7404c389ea1adffe9c13f7178b54678577b56,['88c5e2141c4e85c2cac9463aaf68091a0e93302e']
2ca93d1fbf0fdcd6b4b5a151261052ac106ac9e1,['bc6ce2cb34a638851d3530ca31979db30a8a50bd']
7e32be8768b5ad20d1745e9de17e3fd4fd9a7d99,"['fef8554be80c01519870ad2969f6c9f3df4d6a7f', 'd8774cc577198fdc3bc36c26526c95ea9a989800']"
f65183eba3495c200fd25ac946552d1bbd5ed5fb,"['c92837aeab5188f6171d4016f91b3b4936a66beb', 'b03653f9a5d53cb49531cb76fd1e1786a95d1428']"
217dea7794872d666e9f5bb6b73c0320a490abdc,"['f65183eba3495c200fd25ac946552d1bbd5ed5fb', '258c7d0f53fbdf4b0b9cae901701176e3e70c4fe']"
faa4455be512e070fa420084be8d1be5c72f3b08,['6595e92b6421e40105efc65032d0680fd2e39f3b']
a6b32a3e7846df52f4b3cd3cd4e458969038501c,"['217dea7794872d666e9f5bb6b73c0320a490abdc', '08a9ac7098cb4ae684f40cf2513e3137110cc7e4']"
762b04e9943d6a05e1130fc81ada5b5dc8baab2c,['a6b32a3e7846df52f4b3cd3cd4e458969038501c']
08a8f2be81d38cfe8aa1d05e4c63683ff062c8c8,"['762b04e9943d6a05e1130fc81ada5b5dc8baab2c', '1dcaba9a7aa27f7ca4ba693e3abb56ab3c59c8a7']"
339d21f273a7c32be989c2cc2b3b1f0dd8a2ec0f,"['cb9b485075ce773f2d6189aa2f54bbc69aad4dab', 'e6420fec0af9b8d4f424098688ae4926ff527fcf']"
31bbeaf383a728a0453f5dbe93eed0ab18b5b992,"['339d21f273a7c32be989c2cc2b3b1f0dd8a2ec0f', '88209ce181b5ecc55c0ae2bceff4893ab4817e88']"
eb8284d50e1aa9f196556ed20b4b5e3f330e65fe,"['31bbeaf383a728a0453f5dbe93eed0ab18b5b992', 'a23144fd8a1e399e431f2f272388ec109df37ab1']"
6e5f780d1dea8e87bc956801477e409dce5997f3,"['ccdf0054a354fc110124b83de742c2ee6076449e', '302d9a0a0dac721775a88f804a18d5224c0cd497']"
4ff128af1223f44a5982fdd8717263ee0b930239,"['a18caf7753623a94a7cdb1c607cda79586de08dc', 'd989ac04449dc33da5e2c32a7f24d59cc92de536']"
61ccd503624457035759e8b605d93dacb6135fce,"['4ff128af1223f44a5982fdd8717263ee0b930239', '90c8ece1880a7437d99958148773f04d76b0cbdd']"
0d2f6b4600dc2144ee4a5a3a1ddadb1504fddbfa,"['be30c86cc9f71894dc649ed22983e5c42e9b6951', '05af0ff4be871ddbb4c4cb4f0b5b506ecee36fb8']"
de20cf286bcbc0e74a857ebe0e7f6c01e2b542fa,"['0d2f6b4600dc2144ee4a5a3a1ddadb1504fddbfa', '0de563a18e9e09207e3ef5f1cad1d2e788af9503']"
7aeda47bd94fa9570dcd861ecb45c3aa9d0161e0,"['de20cf286bcbc0e74a857ebe0e7f6c01e2b542fa', '3122daa80261b466e309e88d88d1e2c030525e3f']"
ebdd5e50d5819b4ec704c6d6156ba2944bbab513,"['7aeda47bd94fa9570dcd861ecb45c3aa9d0161e0', '3c9181722b05a9192f5440ea8f3f77231f84eac6']"
fdf0542d8e69ab1202a1655f318019f6ae972ec3,"['9f22fb8c9a10952225e15c7b67b5f77fa44b155d', '14e2639fd0d53f7e0b58f2f4744af44983d4e867']"
a7814e1aa440066ee20fde4c4992173d0b1514c1,"['a4dcbaa33255cd1dd8d6c54763f55486c9e4317c', '8008f0e8191b1c7adbed96ed4c380208e3a37692']"
e0d7fb48fbe872ef47803ceecdae654ab8c9d8af,"['a7814e1aa440066ee20fde4c4992173d0b1514c1', 'ffdb7eb3b256c8e064948a962aa07e2e276889c5']"
4603e4481f0486afcce6b106d4a92a6e90e5b6d9,['e0d7fb48fbe872ef47803ceecdae654ab8c9d8af']
a24a9331d4f06f1a6aca00bc3d9c498a7f7ba5aa,"['4603e4481f0486afcce6b106d4a92a6e90e5b6d9', '90a0c03f0a696d32e871a5da4560828edea8cfa9']"
dcbc46730131a1bdf8416efeb4571794e5c8e369,['a24a9331d4f06f1a6aca00bc3d9c498a7f7ba5aa']
24f81568868d4db1bcbe628d9ebd7bff7b7315de,"['dcbc46730131a1bdf8416efeb4571794e5c8e369', 'ea4e2e843ecadd8019ea35413f4a34b97a424923']"
a186d514bd0c5c5446faa6dd4896a8136d627837,"['24f81568868d4db1bcbe628d9ebd7bff7b7315de', 'f23024852502441fc259012664e444e5e51c604a']"
900f6e52ec33ca82edb0d306d0bfecc1ba4d60e6,"['a186d514bd0c5c5446faa6dd4896a8136d627837', 'f4886111aa573ec928de69e8ca9328d480bf673e']"
849ccfa699d77856eafb31f11e1af9ea764df12e,"['4eab083b1b7faf4485274d1d30256cde08e11915', '485c96e3cb9b0b05d6e490b4773506da83ebc61d']"
0b10e5a0f7ce3eda6d48a0463a5170cb7061835c,"['5e4627d0fb2a2d608c0e67fd6ad835523ed3259d', '570b8b468e1a75ad29c674699f0f4fe34d919ed9']"
22295b4783f2b1789a0df53c7c9915eaaef627dd,"['0b10e5a0f7ce3eda6d48a0463a5170cb7061835c', '52945a33cc3fcb3b961cce0e7e3ca01291f2a223']"
f8bbf80067ac03400acae4655615c9808c538ca8,"['e79c98c11fa8b4ddd8c63b613698d2d508135e83', '64345722975a671869fcfd66a7263f831b36d068']"
e4d29fda72fbaac0ec85f022155689131dd1a62e,"['f8bbf80067ac03400acae4655615c9808c538ca8', '6fe5c6b746a40019b9a43676c33efec0f971c4b9']"
222bf0fe6706ee43964fd39b8315c1a339fbc84a,"['e4d29fda72fbaac0ec85f022155689131dd1a62e', '25fd69a8f9defb21a5c0e3b7243657d9e8080319']"
09dab88d3eeb9947211b075d8103f9b836a61e8a,"['222bf0fe6706ee43964fd39b8315c1a339fbc84a', 'db890eef3208cc557476fa510f7a253ba22bc68a']"
e257b6dbb11fdb6404a759f69d5252bc46d49c00,"['50b321068d32d404cc9b5d392f0e20d48cabbf2b', '84a0a629d3c63589b9aed7889e2a764538676471']"
889122bd5580b6a83d35ef945db7ec001b7b550a,"['8c9860f7c96322908f344d25ef31939739e7df9d', '7b8df93ce1b7204a247e64b394d57eef748e73aa']"
bfc7b7e6a03fd875b3660950287b156fbacaf589,"['8b139b0800b2724178d5c155842588e9593a939f', 'b93d9603a25b6b93f67c69503130164eef047876']"
b1000fbba43786a8d1da129bc7c7a1bf253a9e7e,"['bfc7b7e6a03fd875b3660950287b156fbacaf589', '428a76663a0de5d0d74cc9525273ddc470760e44']"
feda4733a8279485fc0ff1271f9c22bc44f333f6,['b1000fbba43786a8d1da129bc7c7a1bf253a9e7e']
e9edafc731f20b4b996bdf788e3f289785335523,"['e8e7fbe81abc64a9ae3d2f3f62c088426073b2bf', 'e0b1dc514f1b9e26b21d97ece0d94cd9c827fc59']"
5a5a7da3a3564c6adf08f4f775cc4c0b4ec02645,"['364e60b1691a4d7b2f745b8ebf78177f254a4287', '6c543084238992351a4ab677eae23695763dc1d4']"
032e0eba6b5acda3e33f4b99b48845eedb5ed149,"['5a5a7da3a3564c6adf08f4f775cc4c0b4ec02645', 'e96ce6f3e3e549202ce3c48d4733ba34098870ad']"
55302ccfba199ddf070119be30df06afd2511e05,['a6049aa994dbddc3f640d2121e3aabb3a363943d']
7060502edbd66b433d78956651875a05649f4807,"['263977969b98a2d7a26a7c11e4467c9de836fbe6', 'ac70c27473251b389f32f4a33085d6a9ee3a0b3c']"
d96396627f9843ed81d86fe8ef7158da4e765728,"['a2d4edacea943c98fe4430e295627cd7535948fc', '6b7673e3cd7d36a6b9f8882442f73670cd03c687']"
9cbb2c55d586e104fd988814ef4244c13468546e,"['d96396627f9843ed81d86fe8ef7158da4e765728', '7f300bcdc78d164a42d56c3f65a512cfe0ac40be']"
9a53c3699b52a0bbeb0f723ac409ac189aa00f7f,"['9cbb2c55d586e104fd988814ef4244c13468546e', 'b38e52b5e8f2b2ad91c2c8c4eabc232ee4753ca0']"
1e6b4b9b2ee20decbcc8a623260b6faf76162f3e,"['d45e7c7e856c7103752888c0395fa94985cd7670', 'a45b331cc9b9c772504474c224aa23bcbac403db']"
7f0422be763b7ab6a60a0e90670e12661683f835,"['1e6b4b9b2ee20decbcc8a623260b6faf76162f3e', 'c88c6c57aa79e8a1f33d2e075491656f472c858b']"
368e2423a57702a264ec2e2a0bea4b2fef05fbf8,"['7f0422be763b7ab6a60a0e90670e12661683f835', '0577eb32fc9b8417c0e7bcd65bda881c41c1c44a']"
dde2ed13c24e8906ee135719342acf9faea59ade,"['5e8b6973527e5f714652641ed95e8a4509e18cfa', 'a469833639c7a5ef525a108a1ac70213881e627d']"
65ef35bbabefc665897589bf92feae2ebf9da10f,"['dde2ed13c24e8906ee135719342acf9faea59ade', '9e9e9cf71100fe7ceebd5a5ac27b164059b708c9']"
a45ad330facc56f06ed42eb71304c49ef56dc549,['65ef35bbabefc665897589bf92feae2ebf9da10f']
e431d054cb545bdf0ddc5f486aea69bcb32012db,"['a45ad330facc56f06ed42eb71304c49ef56dc549', '3f25d916d5539917092e2f52a8c2df2cfd647c3c']"
04b08431a3446300f4715cf135f0e60f85e5bf5a,['e431d054cb545bdf0ddc5f486aea69bcb32012db']
b85919feef64ed8b05b84ab8c372844a815cc139,['ac56b0637e55465d3b7f7719c8689bff2a572dc0']
a52eb4bc5fb21574859f779001ea9d95bf5207fe,['501e49f2e11c2c74f2147dd71686188ed33db2b8']
dcb8e24427b02e2f3ff9a12d2eb1eb878e3443bb,['2fce6d61412843f0447f60cfe02326f769edae25']
7e9358feb326d48b8c4f00249e7af5023cebd2e2,['c4cba6165a3afbf4f1f8ff6b7f11286772d70d6f']
2848db814a98b83e7546f65a2751e56fb5b2dbe0,['1e2d98a394d98f9f1b6791cbe9cef474c19b8ceb']
5dbc8c9cb00da1ba55e1c94c4c1e19d34cf1bd5a,['d4929f448f95815af99100780a08b172e0262c17']
2c8496ebf3b7b31c2e18fdf8d4cb2a0115f43112,['2137e8feeb5c5c88d3a80db3a334fd472f299ee4']
0a152103f19a3e8e1b7f33aeb9dd115ba231d7b7,['f16722d2ef31338a57a13e2c8d18c1c62d58bbaf']
8bd0bca0b1ea524132f564b3b8332506421f64b9,['0a152103f19a3e8e1b7f33aeb9dd115ba231d7b7']
4b93ddae07ba4332f40f896542ee2c6d7bf899ed,['747227e9dea10ac6b5f601b7cf4dcc418b10d9c8']
9be9703716d2787cd6ee0ebbbe44a18b1f039018,['ec601673a84832a47e6de0b0e34d0804cfed279d']
6314843881b4c67d08215e60293f8b33242b9416,"['0b9edf6e0f19e9d94f57f6dca41812ce8c1cc81f', 'b2584bee457192ea5789667c1317236f47fa6060']"
12e44e7bdaf53d3720a89d32f0cc2717241bd6b2,['1a1bf6b7d044929bc9d6a4763780d916b00ccf5a']
e71bc00a471422ddb26dd54e706f09f0fe09925c,['da777a5498e73f9a44e810dc6771e5c8fe37b6f6']
3ab77d9bc9eacfdb218b68988235a921c810b0d1,['fb1ce0d50a4a2b2feea6833b616b180084e0801c']
d7c4f8ab21c56a52afcfbd0a56d9120e61376d0c,['5d180463dcb689fa3b7c69b097a86398a03b41ad']
c734d69a55693143d0aba2f7f5a793b11c8c50a5,['d4d4c37810d92c927df91d78440c3ad73f46e8a0']
a3f44dacc1fa19acc4eefd1e2505e54f8629e603,['86e6aa8eec538e142044e2b6415ec1caff5e9cbd']
be374faf429d28561dd9c582f5c55451213d89a4,['ac4540dd8e2872b113a61107b0a4a66beeec8649']
9b38be43c6323077a7be14e1295ad484c4038372,['10db97df1c8562a9e29b00e60d5bde1773c09188']
c1bf3cb0daf0b6212aebb449c97b772af2133d98,['e31d06032baebaf651ce8c69eed8c934586f3386']
94b884ae553e9d67f57e3ae7d2b22468c6f342fa,['43153e80cbfc924fde380e6606c04455341edeab']
d557c44d94abea080aa44b3035c480843b899a2d,['6e11c941703d001d216733a01569a5bc83c348c9']
e77d54d1eef071f74a97dfee28f12ee7cfc069de,['e76ffbf10239b86f989be423a2e2691d0d792784']
44b8bb7224f296c5202b3a8cbad937875b01a270,['660530205e6134a938b4a18de35b9d45ec25f798']
15e1789bafb5ca16e6d4e24e8319b7303bbf8194,['d0df0689b44ea38e632285725678ceea701e2e18']
